-- phpMyAdmin SQL Dump
-- version 5.2.0
-- https://www.phpmyadmin.net/
--
-- Host: 127.0.0.1
-- Generation Time: Jan 11, 2023 at 03:56 PM
-- Server version: 10.4.24-MariaDB
-- PHP Version: 8.1.6

SET SQL_MODE = "NO_AUTO_VALUE_ON_ZERO";
START TRANSACTION;
SET time_zone = "+00:00";


/*!40101 SET @OLD_CHARACTER_SET_CLIENT=@@CHARACTER_SET_CLIENT */;
/*!40101 SET @OLD_CHARACTER_SET_RESULTS=@@CHARACTER_SET_RESULTS */;
/*!40101 SET @OLD_COLLATION_CONNECTION=@@COLLATION_CONNECTION */;
/*!40101 SET NAMES utf8mb4 */;

--
-- Database: `railway`
--

-- --------------------------------------------------------

--
-- Table structure for table `admin_details`
--

CREATE TABLE `admin_details` (
  `admin_id` int(11) NOT NULL,
  `username` varchar(50) NOT NULL COMMENT 'First_Name',
  `password` varchar(50) NOT NULL
) ENGINE=InnoDB DEFAULT CHARSET=latin1;

--
-- Dumping data for table `admin_details`
--

INSERT INTO `admin_details` (`admin_id`, `username`, `password`) VALUES
(1, 'mohan', 'mohan006'),
(2, 'nayan', 'nayan025'),
(3, 'is006', 'is025');

-- --------------------------------------------------------

--
-- Table structure for table `cancel_ticket`
--

CREATE TABLE `cancel_ticket` (
  `pnr_number` int(11) NOT NULL COMMENT 'Pnr_Number',
  `ticket_fare` int(11) DEFAULT 0
) ENGINE=InnoDB DEFAULT CHARSET=latin1;

--
-- Dumping data for table `cancel_ticket`
--

INSERT INTO `cancel_ticket` (`pnr_number`, `ticket_fare`) VALUES
(8, 100),
(11, 220);

-- --------------------------------------------------------

--
-- Table structure for table `classseats`
--

CREATE TABLE `classseats` (
  `train_number` int(11) NOT NULL,
  `start_point` varchar(50) NOT NULL COMMENT 'Starting_Point',
  `destination_point` varchar(50) NOT NULL COMMENT 'Destination_Point',
  `journey_date` date NOT NULL,
  `class_name` varchar(10) NOT NULL,
  `ticket_fare1` int(11) NOT NULL COMMENT 'Ticket_fare',
  `available_seats` int(11) NOT NULL,
  `booked_seats` int(11) NOT NULL DEFAULT 0
) ENGINE=InnoDB DEFAULT CHARSET=latin1;

--
-- Dumping data for table `classseats`
--

INSERT INTO `classseats` (`train_number`, `start_point`, `destination_point`, `journey_date`, `class_name`, `ticket_fare1`, `available_seats`, `booked_seats`) VALUES
(1, 'Bengaluru', 'Hassan', '2023-01-29', '1A', 2000, 46, 4),
(1, 'Bengaluru', 'Hassan', '2023-01-29', '2A', 1800, 100, 0),
(1, 'Bengaluru', 'Hassan', '2023-01-29', '2S', 110, 300, 0),
(1, 'Bengaluru', 'Hassan', '2023-01-29', '3A', 1600, 142, 17),
(1, 'Bengaluru', 'Hassan', '2023-01-29', 'SL', 600, 300, 0),
(1, 'Bengaluru', 'Hassan', '2023-01-30', '1A', 2000, 50, 0),
(1, 'Bengaluru', 'Hassan', '2023-01-30', '2A', 1800, 100, 0),
(1, 'Bengaluru', 'Hassan', '2023-01-30', '2S', 110, 300, 0),
(1, 'Bengaluru', 'Hassan', '2023-01-30', '3A', 1600, 150, 0),
(1, 'Bengaluru', 'Hassan', '2023-01-30', 'SL', 600, 300, 0),
(1, 'Bengaluru', 'Hassan', '2023-02-03', '1A', 1600, 40, 0),
(1, 'Bengaluru', 'Hassan', '2023-02-03', '2A', 1400, 30, 0),
(1, 'Bengaluru', 'Hassan', '2023-02-03', '2S', 50, 120, 0),
(1, 'Bengaluru', 'Hassan', '2023-02-03', '3A', 1200, 40, 0),
(1, 'Bengaluru', 'Hassan', '2023-02-03', 'SL', 800, 80, 0),
(1, 'Bengaluru', 'Hassan', '2023-02-04', '1A', 1800, 40, 0),
(1, 'Bengaluru', 'Hassan', '2023-02-04', '2A', 1600, 40, 0),
(1, 'Bengaluru', 'Hassan', '2023-02-04', '2S', 50, 120, 0),
(1, 'Bengaluru', 'Hassan', '2023-02-04', '3A', 1200, 30, 0),
(1, 'Bengaluru', 'Hassan', '2023-02-04', 'SL', 300, 80, 0),
(1, 'Bengaluru', 'Hassan', '2023-02-13', '1A', 2000, 50, 0),
(1, 'Bengaluru', 'Hassan', '2023-02-13', '2A', 1800, 100, 0),
(1, 'Bengaluru', 'Hassan', '2023-02-13', '2S', 110, 300, 0),
(1, 'Bengaluru', 'Hassan', '2023-02-13', '3A', 1600, 150, 0),
(1, 'Bengaluru', 'Hassan', '2023-02-13', 'SL', 600, 298, 2),
(1, 'Bengaluru', 'Mangaluru', '2023-01-29', '1A', 3000, 56, 4),
(1, 'Bengaluru', 'Mangaluru', '2023-01-29', '2A', 2700, 120, 0),
(1, 'Bengaluru', 'Mangaluru', '2023-01-29', '2S', 120, 360, 0),
(1, 'Bengaluru', 'Mangaluru', '2023-01-29', '3A', 2400, 172, 17),
(1, 'Bengaluru', 'Mangaluru', '2023-01-29', 'SL', 900, 360, 0),
(1, 'Bengaluru', 'Mangaluru', '2023-01-30', '1A', 3000, 60, 0),
(1, 'Bengaluru', 'Mangaluru', '2023-01-30', '2A', 2700, 120, 0),
(1, 'Bengaluru', 'Mangaluru', '2023-01-30', '2S', 120, 360, 0),
(1, 'Bengaluru', 'Mangaluru', '2023-01-30', '3A', 2400, 180, 0),
(1, 'Bengaluru', 'Mangaluru', '2023-01-30', 'SL', 900, 360, 0),
(1, 'Bengaluru', 'Mangaluru', '2023-02-03', '1A', 2400, 40, 0),
(1, 'Bengaluru', 'Mangaluru', '2023-02-03', '2A', 2100, 30, 0),
(1, 'Bengaluru', 'Mangaluru', '2023-02-03', '2S', 50, 120, 0),
(1, 'Bengaluru', 'Mangaluru', '2023-02-03', '3A', 1800, 40, 0),
(1, 'Bengaluru', 'Mangaluru', '2023-02-03', 'SL', 800, 80, 0),
(1, 'Bengaluru', 'Mangaluru', '2023-02-04', '1A', 2700, 40, 0),
(1, 'Bengaluru', 'Mangaluru', '2023-02-04', '2A', 2400, 40, 0),
(1, 'Bengaluru', 'Mangaluru', '2023-02-04', '2S', 50, 120, 0),
(1, 'Bengaluru', 'Mangaluru', '2023-02-04', '3A', 1800, 30, 0),
(1, 'Bengaluru', 'Mangaluru', '2023-02-04', 'SL', 400, 80, 0),
(1, 'Bengaluru', 'Mangaluru', '2023-02-13', '1A', 3000, 60, 0),
(1, 'Bengaluru', 'Mangaluru', '2023-02-13', '2A', 2700, 120, 0),
(1, 'Bengaluru', 'Mangaluru', '2023-02-13', '2S', 120, 360, 0),
(1, 'Bengaluru', 'Mangaluru', '2023-02-13', '3A', 2400, 180, 0),
(1, 'Bengaluru', 'Mangaluru', '2023-02-13', 'SL', 900, 358, 2),
(1, 'Bengaluru', 'Mysuru', '2023-01-29', '1A', 1000, 36, 4),
(1, 'Bengaluru', 'Mysuru', '2023-01-29', '2A', 900, 80, 0),
(1, 'Bengaluru', 'Mysuru', '2023-01-29', '2S', 100, 240, 0),
(1, 'Bengaluru', 'Mysuru', '2023-01-29', '3A', 800, 120, 6),
(1, 'Bengaluru', 'Mysuru', '2023-01-29', 'SL', 300, 240, 0),
(1, 'Bengaluru', 'Mysuru', '2023-01-30', '1A', 1000, 40, 0),
(1, 'Bengaluru', 'Mysuru', '2023-01-30', '2A', 900, 80, 0),
(1, 'Bengaluru', 'Mysuru', '2023-01-30', '2S', 100, 240, 0),
(1, 'Bengaluru', 'Mysuru', '2023-01-30', '3A', 800, 120, 0),
(1, 'Bengaluru', 'Mysuru', '2023-01-30', 'SL', 300, 240, 0),
(1, 'Bengaluru', 'Mysuru', '2023-02-03', '1A', 800, 52, 0),
(1, 'Bengaluru', 'Mysuru', '2023-02-03', '2A', 700, 30, 0),
(1, 'Bengaluru', 'Mysuru', '2023-02-03', '2S', 50, 120, 0),
(1, 'Bengaluru', 'Mysuru', '2023-02-03', '3A', 600, 40, 0),
(1, 'Bengaluru', 'Mysuru', '2023-02-03', 'SL', 400, 80, 0),
(1, 'Bengaluru', 'Mysuru', '2023-02-04', '1A', 900, 40, 0),
(1, 'Bengaluru', 'Mysuru', '2023-02-04', '2A', 800, 40, 0),
(1, 'Bengaluru', 'Mysuru', '2023-02-04', '2S', 50, 120, 0),
(1, 'Bengaluru', 'Mysuru', '2023-02-04', '3A', 800, 20, 0),
(1, 'Bengaluru', 'Mysuru', '2023-02-04', 'SL', 200, 80, 0),
(1, 'Bengaluru', 'Mysuru', '2023-02-13', '1A', 1000, 40, 0),
(1, 'Bengaluru', 'Mysuru', '2023-02-13', '2A', 900, 80, 0),
(1, 'Bengaluru', 'Mysuru', '2023-02-13', '2S', 100, 240, 0),
(1, 'Bengaluru', 'Mysuru', '2023-02-13', '3A', 800, 120, 0),
(1, 'Bengaluru', 'Mysuru', '2023-02-13', 'SL', 300, 238, 2),
(1, 'Hassan', 'Mangaluru', '2023-01-29', '1A', 1000, 86, 4),
(1, 'Hassan', 'Mangaluru', '2023-01-29', '2A', 2700, 180, 0),
(1, 'Hassan', 'Mangaluru', '2023-01-29', '2S', 150, 380, 0),
(1, 'Hassan', 'Mangaluru', '2023-01-29', '3A', 2400, 265, 11),
(1, 'Hassan', 'Mangaluru', '2023-01-29', 'SL', 300, 380, 0),
(1, 'Hassan', 'Mangaluru', '2023-01-30', '1A', 1000, 90, 0),
(1, 'Hassan', 'Mangaluru', '2023-01-30', '2A', 2700, 180, 0),
(1, 'Hassan', 'Mangaluru', '2023-01-30', '2S', 150, 380, 0),
(1, 'Hassan', 'Mangaluru', '2023-01-30', '3A', 2400, 270, 0),
(1, 'Hassan', 'Mangaluru', '2023-01-30', 'SL', 300, 380, 0),
(1, 'Hassan', 'Mangaluru', '2023-02-03', '1A', 800, 40, 0),
(1, 'Hassan', 'Mangaluru', '2023-02-03', '2A', 700, 30, 0),
(1, 'Hassan', 'Mangaluru', '2023-02-03', '2S', 50, 120, 0),
(1, 'Hassan', 'Mangaluru', '2023-02-03', '3A', 1800, 40, 0),
(1, 'Hassan', 'Mangaluru', '2023-02-03', 'SL', 800, 80, 0),
(1, 'Hassan', 'Mangaluru', '2023-02-04', '1A', 900, 40, 0),
(1, 'Hassan', 'Mangaluru', '2023-02-04', '2A', 800, 40, 0),
(1, 'Hassan', 'Mangaluru', '2023-02-04', '2S', 50, 120, 0),
(1, 'Hassan', 'Mangaluru', '2023-02-04', '3A', 820, 30, 0),
(1, 'Hassan', 'Mangaluru', '2023-02-04', 'SL', 400, 80, 0),
(1, 'Hassan', 'Mangaluru', '2023-02-13', '1A', 1000, 90, 0),
(1, 'Hassan', 'Mangaluru', '2023-02-13', '2A', 2700, 180, 0),
(1, 'Hassan', 'Mangaluru', '2023-02-13', '2S', 150, 380, 0),
(1, 'Hassan', 'Mangaluru', '2023-02-13', '3A', 2400, 270, 0),
(1, 'Hassan', 'Mangaluru', '2023-02-13', 'SL', 300, 378, 2),
(1, 'Mysuru', 'Hassan', '2023-01-29', '1A', 1000, 66, 4),
(1, 'Mysuru', 'Hassan', '2023-01-29', '2A', 900, 140, 0),
(1, 'Mysuru', 'Hassan', '2023-01-29', '2S', 130, 320, 0),
(1, 'Mysuru', 'Hassan', '2023-01-29', '3A', 800, 202, 17),
(1, 'Mysuru', 'Hassan', '2023-01-29', 'SL', 300, 320, 0),
(1, 'Mysuru', 'Hassan', '2023-01-30', '1A', 1000, 70, 0),
(1, 'Mysuru', 'Hassan', '2023-01-30', '2A', 900, 140, 0),
(1, 'Mysuru', 'Hassan', '2023-01-30', '2S', 130, 320, 0),
(1, 'Mysuru', 'Hassan', '2023-01-30', '3A', 800, 210, 0),
(1, 'Mysuru', 'Hassan', '2023-01-30', 'SL', 300, 320, 0),
(1, 'Mysuru', 'Hassan', '2023-02-03', '1A', 800, 40, 0),
(1, 'Mysuru', 'Hassan', '2023-02-03', '2A', 700, 30, 0),
(1, 'Mysuru', 'Hassan', '2023-02-03', '2S', 50, 120, 0),
(1, 'Mysuru', 'Hassan', '2023-02-03', '3A', 600, 40, 0),
(1, 'Mysuru', 'Hassan', '2023-02-03', 'SL', 800, 80, 0),
(1, 'Mysuru', 'Hassan', '2023-02-04', '1A', 900, 40, 0),
(1, 'Mysuru', 'Hassan', '2023-02-04', '2A', 800, 40, 0),
(1, 'Mysuru', 'Hassan', '2023-02-04', '2S', 50, 120, 0),
(1, 'Mysuru', 'Hassan', '2023-02-04', '3A', 300, 30, 0),
(1, 'Mysuru', 'Hassan', '2023-02-04', 'SL', 200, 80, 0),
(1, 'Mysuru', 'Hassan', '2023-02-13', '1A', 1000, 70, 0),
(1, 'Mysuru', 'Hassan', '2023-02-13', '2A', 900, 140, 0),
(1, 'Mysuru', 'Hassan', '2023-02-13', '2S', 130, 320, 0),
(1, 'Mysuru', 'Hassan', '2023-02-13', '3A', 800, 210, 0),
(1, 'Mysuru', 'Hassan', '2023-02-13', 'SL', 300, 318, 2),
(1, 'Mysuru', 'Mangaluru', '2023-01-29', '1A', 2000, 76, 4),
(1, 'Mysuru', 'Mangaluru', '2023-01-29', '2A', 1800, 160, 0),
(1, 'Mysuru', 'Mangaluru', '2023-01-29', '2S', 140, 340, 0),
(1, 'Mysuru', 'Mangaluru', '2023-01-29', '3A', 1600, 232, 17),
(1, 'Mysuru', 'Mangaluru', '2023-01-29', 'SL', 600, 340, 0),
(1, 'Mysuru', 'Mangaluru', '2023-01-30', '1A', 2000, 80, 0),
(1, 'Mysuru', 'Mangaluru', '2023-01-30', '2A', 1800, 160, 0),
(1, 'Mysuru', 'Mangaluru', '2023-01-30', '2S', 140, 340, 0),
(1, 'Mysuru', 'Mangaluru', '2023-01-30', '3A', 1600, 240, 0),
(1, 'Mysuru', 'Mangaluru', '2023-01-30', 'SL', 600, 340, 0),
(1, 'Mysuru', 'Mangaluru', '2023-02-03', '1A', 800, 40, 0),
(1, 'Mysuru', 'Mangaluru', '2023-02-03', '2A', 1400, 30, 0),
(1, 'Mysuru', 'Mangaluru', '2023-02-03', '2S', 50, 120, 0),
(1, 'Mysuru', 'Mangaluru', '2023-02-03', '3A', 1200, 40, 0),
(1, 'Mysuru', 'Mangaluru', '2023-02-03', 'SL', 800, 80, 0),
(1, 'Mysuru', 'Mangaluru', '2023-02-04', '1A', 1800, 40, 0),
(1, 'Mysuru', 'Mangaluru', '2023-02-04', '2A', 1600, 40, 0),
(1, 'Mysuru', 'Mangaluru', '2023-02-04', '2S', 50, 120, 0),
(1, 'Mysuru', 'Mangaluru', '2023-02-04', '3A', 500, 30, 0),
(1, 'Mysuru', 'Mangaluru', '2023-02-04', 'SL', 300, 80, 0),
(1, 'Mysuru', 'Mangaluru', '2023-02-13', '1A', 2000, 80, 0),
(1, 'Mysuru', 'Mangaluru', '2023-02-13', '2A', 1800, 160, 0),
(1, 'Mysuru', 'Mangaluru', '2023-02-13', '2S', 140, 340, 0),
(1, 'Mysuru', 'Mangaluru', '2023-02-13', '3A', 1600, 240, 0),
(1, 'Mysuru', 'Mangaluru', '2023-02-13', 'SL', 600, 338, 2),
(2, 'Bengaluru', 'Bhubaneshwar', '2023-01-29', '1A', 2000, 46, 4),
(2, 'Bengaluru', 'Bhubaneshwar', '2023-01-29', '2A', 1800, 100, 0),
(2, 'Bengaluru', 'Bhubaneshwar', '2023-01-29', '2S', 200, 360, 0),
(2, 'Bengaluru', 'Bhubaneshwar', '2023-01-29', '3A', 1600, 150, 0),
(2, 'Bengaluru', 'Bhubaneshwar', '2023-01-29', 'SL', 800, 360, 0),
(2, 'Bengaluru', 'Bhubaneshwar', '2023-02-03', '1A', 1300, 40, 0),
(2, 'Bengaluru', 'Bhubaneshwar', '2023-02-03', '2A', 900, 30, 0),
(2, 'Bengaluru', 'Bhubaneshwar', '2023-02-03', '2S', 150, 120, 0),
(2, 'Bengaluru', 'Bhubaneshwar', '2023-02-03', '3A', 1200, 40, 0),
(2, 'Bengaluru', 'Bhubaneshwar', '2023-02-03', 'SL', 600, 240, 0),
(2, 'Bengaluru', 'Bhubaneshwar', '2023-02-04', '1A', 2000, 40, 0),
(2, 'Bengaluru', 'Bhubaneshwar', '2023-02-04', '2A', 1600, 30, 0),
(2, 'Bengaluru', 'Bhubaneshwar', '2023-02-04', '2S', 150, 120, 0),
(2, 'Bengaluru', 'Bhubaneshwar', '2023-02-04', '3A', 800, 39, 1),
(2, 'Bengaluru', 'Bhubaneshwar', '2023-02-04', 'SL', 450, 240, 0),
(2, 'Bengaluru', 'Bhubaneshwar', '2023-02-13', '1A', 2000, 50, 0),
(2, 'Bengaluru', 'Bhubaneshwar', '2023-02-13', '2A', 1800, 100, 0),
(2, 'Bengaluru', 'Bhubaneshwar', '2023-02-13', '2S', 200, 360, 0),
(2, 'Bengaluru', 'Bhubaneshwar', '2023-02-13', '3A', 1600, 150, 0),
(2, 'Bengaluru', 'Bhubaneshwar', '2023-02-13', 'SL', 800, 360, 0),
(2, 'Bengaluru', 'Kolkata', '2023-01-29', '1A', 3000, 56, 4),
(2, 'Bengaluru', 'Kolkata', '2023-01-29', '2A', 2700, 120, 0),
(2, 'Bengaluru', 'Kolkata', '2023-01-29', '2S', 300, 400, 0),
(2, 'Bengaluru', 'Kolkata', '2023-01-29', '3A', 2400, 180, 0),
(2, 'Bengaluru', 'Kolkata', '2023-01-29', 'SL', 1200, 400, 0),
(2, 'Bengaluru', 'Kolkata', '2023-02-03', '1A', 2400, 40, 0),
(2, 'Bengaluru', 'Kolkata', '2023-02-03', '2A', 2400, 30, 0),
(2, 'Bengaluru', 'Kolkata', '2023-02-03', '2S', 200, 120, 0),
(2, 'Bengaluru', 'Kolkata', '2023-02-03', '3A', 1800, 40, 0),
(2, 'Bengaluru', 'Kolkata', '2023-02-03', 'SL', 400, 240, 0),
(2, 'Bengaluru', 'Kolkata', '2023-02-04', '1A', 1200, 40, 0),
(2, 'Bengaluru', 'Kolkata', '2023-02-04', '2A', 2400, 30, 0),
(2, 'Bengaluru', 'Kolkata', '2023-02-04', '2S', 350, 120, 0),
(2, 'Bengaluru', 'Kolkata', '2023-02-04', '3A', 1800, 39, 1),
(2, 'Bengaluru', 'Kolkata', '2023-02-04', 'SL', 800, 240, 0),
(2, 'Bengaluru', 'Kolkata', '2023-02-13', '1A', 3000, 60, 0),
(2, 'Bengaluru', 'Kolkata', '2023-02-13', '2A', 2700, 120, 0),
(2, 'Bengaluru', 'Kolkata', '2023-02-13', '2S', 300, 400, 0),
(2, 'Bengaluru', 'Kolkata', '2023-02-13', '3A', 2400, 180, 0),
(2, 'Bengaluru', 'Kolkata', '2023-02-13', 'SL', 1200, 400, 0),
(2, 'Bengaluru', 'Vijaywada', '2023-01-29', '1A', 1000, 36, 4),
(2, 'Bengaluru', 'Vijaywada', '2023-01-29', '2A', 900, 80, 0),
(2, 'Bengaluru', 'Vijaywada', '2023-01-29', '2S', 100, 320, 0),
(2, 'Bengaluru', 'Vijaywada', '2023-01-29', '3A', 800, 120, 0),
(2, 'Bengaluru', 'Vijaywada', '2023-01-29', 'SL', 400, 320, 0),
(2, 'Bengaluru', 'Vijaywada', '2023-02-03', '1A', 1000, 52, 0),
(2, 'Bengaluru', 'Vijaywada', '2023-02-03', '2A', 1000, 30, 0),
(2, 'Bengaluru', 'Vijaywada', '2023-02-03', '2S', 100, 120, 0),
(2, 'Bengaluru', 'Vijaywada', '2023-02-03', '3A', 800, 40, 0),
(2, 'Bengaluru', 'Vijaywada', '2023-02-03', 'SL', 400, 240, 0),
(2, 'Bengaluru', 'Vijaywada', '2023-02-04', '1A', 1200, 52, 0),
(2, 'Bengaluru', 'Vijaywada', '2023-02-04', '2A', 1000, 30, 0),
(2, 'Bengaluru', 'Vijaywada', '2023-02-04', '2S', 100, 120, 0),
(2, 'Bengaluru', 'Vijaywada', '2023-02-04', '3A', 600, 39, 1),
(2, 'Bengaluru', 'Vijaywada', '2023-02-04', 'SL', 400, 240, 0),
(2, 'Bengaluru', 'Vijaywada', '2023-02-13', '1A', 1000, 40, 0),
(2, 'Bengaluru', 'Vijaywada', '2023-02-13', '2A', 900, 80, 0),
(2, 'Bengaluru', 'Vijaywada', '2023-02-13', '2S', 100, 320, 0),
(2, 'Bengaluru', 'Vijaywada', '2023-02-13', '3A', 800, 120, 0),
(2, 'Bengaluru', 'Vijaywada', '2023-02-13', 'SL', 400, 320, 0),
(2, 'Bhubaneshwar', 'Kolkata', '2023-01-30', '1A', 1000, 70, 0),
(2, 'Bhubaneshwar', 'Kolkata', '2023-01-30', '2A', 900, 120, 0),
(2, 'Bhubaneshwar', 'Kolkata', '2023-01-30', '2S', 100, 340, 0),
(2, 'Bhubaneshwar', 'Kolkata', '2023-01-30', '3A', 800, 160, 0),
(2, 'Bhubaneshwar', 'Kolkata', '2023-01-30', 'SL', 400, 340, 0),
(2, 'Bhubaneshwar', 'Kolkata', '2023-02-04', '1A', 900, 40, 0),
(2, 'Bhubaneshwar', 'Kolkata', '2023-02-04', '2A', 2700, 30, 0),
(2, 'Bhubaneshwar', 'Kolkata', '2023-02-04', '2S', 100, 120, 0),
(2, 'Bhubaneshwar', 'Kolkata', '2023-02-04', '3A', 300, 39, 1),
(2, 'Bhubaneshwar', 'Kolkata', '2023-02-04', 'SL', 300, 240, 0),
(2, 'Bhubaneshwar', 'Kolkata', '2023-02-05', '1A', 800, 40, 0),
(2, 'Bhubaneshwar', 'Kolkata', '2023-02-05', '2A', 2700, 30, 0),
(2, 'Bhubaneshwar', 'Kolkata', '2023-02-05', '2S', 350, 120, 0),
(2, 'Bhubaneshwar', 'Kolkata', '2023-02-05', '3A', 2400, 40, 0),
(2, 'Bhubaneshwar', 'Kolkata', '2023-02-05', 'SL', 400, 240, 0),
(2, 'Bhubaneshwar', 'Kolkata', '2023-02-14', '1A', 1000, 70, 0),
(2, 'Bhubaneshwar', 'Kolkata', '2023-02-14', '2A', 900, 120, 0),
(2, 'Bhubaneshwar', 'Kolkata', '2023-02-14', '2S', 100, 340, 0),
(2, 'Bhubaneshwar', 'Kolkata', '2023-02-14', '3A', 800, 160, 0),
(2, 'Bhubaneshwar', 'Kolkata', '2023-02-14', 'SL', 400, 340, 0),
(2, 'Vijaywada', 'Bhubaneshwar', '2023-01-29', '1A', 1000, 70, 0),
(2, 'Vijaywada', 'Bhubaneshwar', '2023-01-29', '2A', 900, 120, 0),
(2, 'Vijaywada', 'Bhubaneshwar', '2023-01-29', '2S', 100, 320, 0),
(2, 'Vijaywada', 'Bhubaneshwar', '2023-01-29', '3A', 800, 160, 0),
(2, 'Vijaywada', 'Bhubaneshwar', '2023-01-29', 'SL', 400, 320, 0),
(2, 'Vijaywada', 'Bhubaneshwar', '2023-02-03', '1A', 1000, 40, 0),
(2, 'Vijaywada', 'Bhubaneshwar', '2023-02-03', '2A', 800, 30, 0),
(2, 'Vijaywada', 'Bhubaneshwar', '2023-02-03', '2S', 100, 120, 0),
(2, 'Vijaywada', 'Bhubaneshwar', '2023-02-03', '3A', 600, 40, 0),
(2, 'Vijaywada', 'Bhubaneshwar', '2023-02-03', 'SL', 300, 240, 0),
(2, 'Vijaywada', 'Bhubaneshwar', '2023-02-04', '1A', 1000, 40, 0),
(2, 'Vijaywada', 'Bhubaneshwar', '2023-02-04', '2A', 800, 30, 0),
(2, 'Vijaywada', 'Bhubaneshwar', '2023-02-04', '2S', 100, 120, 0),
(2, 'Vijaywada', 'Bhubaneshwar', '2023-02-04', '3A', 600, 39, 1),
(2, 'Vijaywada', 'Bhubaneshwar', '2023-02-04', 'SL', 400, 240, 0),
(2, 'Vijaywada', 'Bhubaneshwar', '2023-02-13', '1A', 1000, 70, 0),
(2, 'Vijaywada', 'Bhubaneshwar', '2023-02-13', '2A', 900, 120, 0),
(2, 'Vijaywada', 'Bhubaneshwar', '2023-02-13', '2S', 100, 320, 0),
(2, 'Vijaywada', 'Bhubaneshwar', '2023-02-13', '3A', 800, 160, 0),
(2, 'Vijaywada', 'Bhubaneshwar', '2023-02-13', 'SL', 400, 320, 0),
(2, 'Vijaywada', 'Kolkata', '2023-01-29', '1A', 2000, 80, 0),
(2, 'Vijaywada', 'Kolkata', '2023-01-29', '2A', 1800, 140, 0),
(2, 'Vijaywada', 'Kolkata', '2023-01-29', '2S', 200, 340, 0),
(2, 'Vijaywada', 'Kolkata', '2023-01-29', '3A', 1600, 180, 0),
(2, 'Vijaywada', 'Kolkata', '2023-01-29', 'SL', 800, 340, 0),
(2, 'Vijaywada', 'Kolkata', '2023-02-03', '1A', 1800, 40, 0),
(2, 'Vijaywada', 'Kolkata', '2023-02-03', '2A', 1800, 30, 0),
(2, 'Vijaywada', 'Kolkata', '2023-02-03', '2S', 150, 120, 0),
(2, 'Vijaywada', 'Kolkata', '2023-02-03', '3A', 1600, 40, 0),
(2, 'Vijaywada', 'Kolkata', '2023-02-03', 'SL', 300, 240, 0),
(2, 'Vijaywada', 'Kolkata', '2023-02-04', '1A', 1800, 40, 0),
(2, 'Vijaywada', 'Kolkata', '2023-02-04', '2A', 1400, 30, 0),
(2, 'Vijaywada', 'Kolkata', '2023-02-04', '2S', 150, 120, 0),
(2, 'Vijaywada', 'Kolkata', '2023-02-04', '3A', 1600, 39, 1),
(2, 'Vijaywada', 'Kolkata', '2023-02-04', 'SL', 800, 240, 0),
(2, 'Vijaywada', 'Kolkata', '2023-02-13', '1A', 2000, 80, 0),
(2, 'Vijaywada', 'Kolkata', '2023-02-13', '2A', 1800, 140, 0),
(2, 'Vijaywada', 'Kolkata', '2023-02-13', '2S', 200, 340, 0),
(2, 'Vijaywada', 'Kolkata', '2023-02-13', '3A', 1600, 180, 0),
(2, 'Vijaywada', 'Kolkata', '2023-02-13', 'SL', 800, 340, 0),
(3, 'Bengaluru', 'Hindupur', '2023-01-29', '1A', 1000, 40, 0),
(3, 'Bengaluru', 'Hindupur', '2023-01-29', '2A', 900, 76, 8),
(3, 'Bengaluru', 'Hindupur', '2023-01-29', '2S', 90, 360, 0),
(3, 'Bengaluru', 'Hindupur', '2023-01-29', '3A', 800, 116, 4),
(3, 'Bengaluru', 'Hindupur', '2023-01-29', 'SL', 250, 359, 1),
(3, 'Bengaluru', 'Hindupur', '2023-02-03', '1A', 500, 50, 2),
(3, 'Bengaluru', 'Hindupur', '2023-02-03', '2A', 440, 30, 0),
(3, 'Bengaluru', 'Hindupur', '2023-02-03', '3A', 650, 40, 0),
(3, 'Bengaluru', 'Hindupur', '2023-02-04', '1A', 340, 30, 0),
(3, 'Bengaluru', 'Hindupur', '2023-02-04', '2A', 760, 30, 0),
(3, 'Bengaluru', 'Hindupur', '2023-02-04', '3A', 760, 20, 0),
(3, 'Bengaluru', 'Hindupur', '2023-02-13', '1A', 1000, 40, 0),
(3, 'Bengaluru', 'Hindupur', '2023-02-13', '2A', 900, 80, 0),
(3, 'Bengaluru', 'Hindupur', '2023-02-13', '2S', 90, 360, 0),
(3, 'Bengaluru', 'Hindupur', '2023-02-13', '3A', 800, 120, 0),
(3, 'Bengaluru', 'Hindupur', '2023-02-13', 'SL', 250, 360, 0),
(3, 'Bengaluru', 'Mumbai', '2023-01-29', '1A', 3000, 80, 0),
(3, 'Bengaluru', 'Mumbai', '2023-01-29', '2A', 2500, 112, 12),
(3, 'Bengaluru', 'Mumbai', '2023-01-29', '2S', 400, 360, 3),
(3, 'Bengaluru', 'Mumbai', '2023-01-29', '3A', 2400, 116, 4),
(3, 'Bengaluru', 'Mumbai', '2023-01-29', 'SL', 1250, 359, 1),
(3, 'Bengaluru', 'Mumbai', '2023-02-03', '1A', 620, 38, 2),
(3, 'Bengaluru', 'Mumbai', '2023-02-03', '2A', 440, 30, 0),
(3, 'Bengaluru', 'Mumbai', '2023-02-03', '3A', 550, 40, 0),
(3, 'Bengaluru', 'Mumbai', '2023-02-04', '1A', 430, 30, 0),
(3, 'Bengaluru', 'Mumbai', '2023-02-04', '2A', 670, 30, 0),
(3, 'Bengaluru', 'Mumbai', '2023-02-04', '3A', 650, 30, 0),
(3, 'Bengaluru', 'Mumbai', '2023-02-13', '1A', 3000, 80, 0),
(3, 'Bengaluru', 'Mumbai', '2023-02-13', '2A', 2500, 120, 0),
(3, 'Bengaluru', 'Mumbai', '2023-02-13', '2S', 400, 360, 0),
(3, 'Bengaluru', 'Mumbai', '2023-02-13', '3A', 2400, 120, 0),
(3, 'Bengaluru', 'Mumbai', '2023-02-13', 'SL', 1250, 360, 0),
(3, 'Bengaluru', 'Pune', '2023-01-29', '1A', 2500, 70, 0),
(3, 'Bengaluru', 'Pune', '2023-01-29', '2A', 2100, 132, 12),
(3, 'Bengaluru', 'Pune', '2023-01-29', '2S', 360, 360, 3),
(3, 'Bengaluru', 'Pune', '2023-01-29', '3A', 2000, 116, 4),
(3, 'Bengaluru', 'Pune', '2023-01-29', 'SL', 1000, 359, 1),
(3, 'Bengaluru', 'Pune', '2023-02-03', '1A', 840, 38, 2),
(3, 'Bengaluru', 'Pune', '2023-02-03', '2A', 440, 30, 0),
(3, 'Bengaluru', 'Pune', '2023-02-03', '3A', 550, 40, 0),
(3, 'Bengaluru', 'Pune', '2023-02-04', '1A', 540, 30, 0),
(3, 'Bengaluru', 'Pune', '2023-02-04', '2A', 670, 30, 0),
(3, 'Bengaluru', 'Pune', '2023-02-04', '3A', 760, 30, 0),
(3, 'Bengaluru', 'Pune', '2023-02-13', '1A', 2500, 70, 0),
(3, 'Bengaluru', 'Pune', '2023-02-13', '2A', 2100, 140, 0),
(3, 'Bengaluru', 'Pune', '2023-02-13', '2S', 360, 360, 0),
(3, 'Bengaluru', 'Pune', '2023-02-13', '3A', 2000, 120, 0),
(3, 'Bengaluru', 'Pune', '2023-02-13', 'SL', 1000, 360, 0),
(3, 'Bengaluru', 'Raichur', '2023-01-29', '1A', 1500, 50, 0),
(3, 'Bengaluru', 'Raichur', '2023-01-29', '2A', 1300, 92, 12),
(3, 'Bengaluru', 'Raichur', '2023-01-29', '2S', 180, 360, 3),
(3, 'Bengaluru', 'Raichur', '2023-01-29', '3A', 1200, 116, 4),
(3, 'Bengaluru', 'Raichur', '2023-01-29', 'SL', 500, 359, 1),
(3, 'Bengaluru', 'Raichur', '2023-02-03', '1A', 500, 38, 2),
(3, 'Bengaluru', 'Raichur', '2023-02-03', '2A', 4400, 30, 0),
(3, 'Bengaluru', 'Raichur', '2023-02-03', '3A', 550, 40, 0),
(3, 'Bengaluru', 'Raichur', '2023-02-04', '1A', 540, 30, 0),
(3, 'Bengaluru', 'Raichur', '2023-02-04', '2A', 760, 30, 0),
(3, 'Bengaluru', 'Raichur', '2023-02-04', '3A', 670, 30, 0),
(3, 'Bengaluru', 'Raichur', '2023-02-13', '1A', 1500, 50, 0),
(3, 'Bengaluru', 'Raichur', '2023-02-13', '2A', 1300, 100, 0),
(3, 'Bengaluru', 'Raichur', '2023-02-13', '2S', 180, 360, 0),
(3, 'Bengaluru', 'Raichur', '2023-02-13', '3A', 1200, 120, 0),
(3, 'Bengaluru', 'Raichur', '2023-02-13', 'SL', 500, 360, 0),
(3, 'Bengaluru', 'Solapur', '2023-01-29', '1A', 2000, 60, 0),
(3, 'Bengaluru', 'Solapur', '2023-01-29', '2A', 1700, 112, 12),
(3, 'Bengaluru', 'Solapur', '2023-01-29', '2S', 270, 360, 3),
(3, 'Bengaluru', 'Solapur', '2023-01-29', '3A', 1600, 116, 4),
(3, 'Bengaluru', 'Solapur', '2023-01-29', 'SL', 750, 359, 1),
(3, 'Bengaluru', 'Solapur', '2023-02-03', '1A', 200, 38, 2),
(3, 'Bengaluru', 'Solapur', '2023-02-03', '2A', 440, 30, 0),
(3, 'Bengaluru', 'Solapur', '2023-02-03', '3A', 550, 40, 0),
(3, 'Bengaluru', 'Solapur', '2023-02-04', '1A', 450, 30, 0),
(3, 'Bengaluru', 'Solapur', '2023-02-04', '2A', 780, 30, 0),
(3, 'Bengaluru', 'Solapur', '2023-02-04', '3A', 670, 30, 0),
(3, 'Bengaluru', 'Solapur', '2023-02-13', '1A', 2000, 60, 0),
(3, 'Bengaluru', 'Solapur', '2023-02-13', '2A', 1700, 120, 0),
(3, 'Bengaluru', 'Solapur', '2023-02-13', '2S', 270, 360, 0),
(3, 'Bengaluru', 'Solapur', '2023-02-13', '3A', 1600, 120, 0),
(3, 'Bengaluru', 'Solapur', '2023-02-13', 'SL', 750, 360, 0),
(3, 'Hindupur', 'Mumbai', '2023-01-29', '1A', 2500, 70, 0),
(3, 'Hindupur', 'Mumbai', '2023-01-29', '2A', 2100, 116, 4),
(3, 'Hindupur', 'Mumbai', '2023-01-29', '2S', 360, 360, 3),
(3, 'Hindupur', 'Mumbai', '2023-01-29', '3A', 2000, 120, 0),
(3, 'Hindupur', 'Mumbai', '2023-01-29', 'SL', 1000, 360, 0),
(3, 'Hindupur', 'Mumbai', '2023-02-03', '1A', 200, 18, 2),
(3, 'Hindupur', 'Mumbai', '2023-02-03', '2A', 440, 32, 0),
(3, 'Hindupur', 'Mumbai', '2023-02-03', '3A', 550, 40, 0),
(3, 'Hindupur', 'Mumbai', '2023-02-04', '1A', 540, 30, 0),
(3, 'Hindupur', 'Mumbai', '2023-02-04', '2A', 760, 30, 0),
(3, 'Hindupur', 'Mumbai', '2023-02-04', '3A', 450, 30, 0),
(3, 'Hindupur', 'Mumbai', '2023-02-13', '1A', 2500, 70, 0),
(3, 'Hindupur', 'Mumbai', '2023-02-13', '2A', 2100, 120, 0),
(3, 'Hindupur', 'Mumbai', '2023-02-13', '2S', 360, 360, 0),
(3, 'Hindupur', 'Mumbai', '2023-02-13', '3A', 2000, 120, 0),
(3, 'Hindupur', 'Mumbai', '2023-02-13', 'SL', 1000, 360, 0),
(3, 'Hindupur', 'Pune', '2023-01-29', '1A', 2000, 60, 0),
(3, 'Hindupur', 'Pune', '2023-01-29', '2A', 1700, 116, 4),
(3, 'Hindupur', 'Pune', '2023-01-29', '2S', 270, 360, 3),
(3, 'Hindupur', 'Pune', '2023-01-29', '3A', 1600, 120, 0),
(3, 'Hindupur', 'Pune', '2023-01-29', 'SL', 750, 360, 0),
(3, 'Hindupur', 'Pune', '2023-02-03', '1A', 200, 28, 2),
(3, 'Hindupur', 'Pune', '2023-02-03', '2A', 440, 65, 0),
(3, 'Hindupur', 'Pune', '2023-02-03', '3A', 555, 40, 0),
(3, 'Hindupur', 'Pune', '2023-02-04', '1A', 650, 30, 0),
(3, 'Hindupur', 'Pune', '2023-02-04', '2A', 678, 30, 0),
(3, 'Hindupur', 'Pune', '2023-02-04', '3A', 450, 30, 0),
(3, 'Hindupur', 'Pune', '2023-02-13', '1A', 2000, 60, 0),
(3, 'Hindupur', 'Pune', '2023-02-13', '2A', 1700, 120, 0),
(3, 'Hindupur', 'Pune', '2023-02-13', '2S', 270, 360, 0),
(3, 'Hindupur', 'Pune', '2023-02-13', '3A', 1600, 120, 0),
(3, 'Hindupur', 'Pune', '2023-02-13', 'SL', 750, 360, 0),
(3, 'Hindupur', 'Raichur', '2023-01-29', '1A', 1000, 40, 0),
(3, 'Hindupur', 'Raichur', '2023-01-29', '2A', 900, 76, 4),
(3, 'Hindupur', 'Raichur', '2023-01-29', '2S', 90, 360, 3),
(3, 'Hindupur', 'Raichur', '2023-01-29', '3A', 800, 120, 0),
(3, 'Hindupur', 'Raichur', '2023-01-29', 'SL', 250, 360, 0),
(3, 'Hindupur', 'Raichur', '2023-02-03', '1A', 500, 38, 2),
(3, 'Hindupur', 'Raichur', '2023-02-03', '2A', 440, 30, 0),
(3, 'Hindupur', 'Raichur', '2023-02-03', '3A', 550, 40, 0),
(3, 'Hindupur', 'Raichur', '2023-02-04', '1A', 540, 30, 0),
(3, 'Hindupur', 'Raichur', '2023-02-04', '2A', 760, 30, 0),
(3, 'Hindupur', 'Raichur', '2023-02-04', '3A', 560, 30, 0),
(3, 'Hindupur', 'Raichur', '2023-02-13', '1A', 1000, 40, 0),
(3, 'Hindupur', 'Raichur', '2023-02-13', '2A', 900, 80, 0),
(3, 'Hindupur', 'Raichur', '2023-02-13', '2S', 90, 360, 0),
(3, 'Hindupur', 'Raichur', '2023-02-13', '3A', 800, 120, 0),
(3, 'Hindupur', 'Raichur', '2023-02-13', 'SL', 250, 360, 0),
(3, 'Hindupur', 'Solapur', '2023-01-29', '1A', 1500, 50, 0),
(3, 'Hindupur', 'Solapur', '2023-01-29', '2A', 1300, 96, 4),
(3, 'Hindupur', 'Solapur', '2023-01-29', '2S', 180, 360, 3),
(3, 'Hindupur', 'Solapur', '2023-01-29', '3A', 1200, 120, 0),
(3, 'Hindupur', 'Solapur', '2023-01-29', 'SL', 500, 360, 0),
(3, 'Hindupur', 'Solapur', '2023-02-03', '1A', 500, 57, 2),
(3, 'Hindupur', 'Solapur', '2023-02-03', '2A', 440, 87, 0),
(3, 'Hindupur', 'Solapur', '2023-02-03', '3A', 550, 40, 0),
(3, 'Hindupur', 'Solapur', '2023-02-04', '1A', 450, 30, 0),
(3, 'Hindupur', 'Solapur', '2023-02-04', '2A', 550, 30, 0),
(3, 'Hindupur', 'Solapur', '2023-02-04', '3A', 560, 30, 0),
(3, 'Hindupur', 'Solapur', '2023-02-13', '1A', 1500, 50, 0),
(3, 'Hindupur', 'Solapur', '2023-02-13', '2A', 1300, 100, 0),
(3, 'Hindupur', 'Solapur', '2023-02-13', '2S', 180, 360, 0),
(3, 'Hindupur', 'Solapur', '2023-02-13', '3A', 1200, 120, 0),
(3, 'Hindupur', 'Solapur', '2023-02-13', 'SL', 500, 360, 0),
(3, 'Pune', 'Mumbai', '2023-01-30', '1A', 1000, 50, 0),
(3, 'Pune', 'Mumbai', '2023-01-30', '2A', 900, 80, 0),
(3, 'Pune', 'Mumbai', '2023-01-30', '2S', 90, 360, 0),
(3, 'Pune', 'Mumbai', '2023-01-30', '3A', 800, 120, 0),
(3, 'Pune', 'Mumbai', '2023-01-30', 'SL', 250, 360, 0),
(3, 'Pune', 'Mumbai', '2023-02-04', '1A', 58, 20, 0),
(3, 'Pune', 'Mumbai', '2023-02-04', '2A', 540, 20, 0),
(3, 'Pune', 'Mumbai', '2023-02-04', '3A', 760, 40, 0),
(3, 'Pune', 'Mumbai', '2023-02-05', '1A', 450, 30, 0),
(3, 'Pune', 'Mumbai', '2023-02-05', '2A', 760, 30, 0),
(3, 'Pune', 'Mumbai', '2023-02-05', '3A', 650, 30, 0),
(3, 'Pune', 'Mumbai', '2023-02-14', '1A', 1000, 50, 0),
(3, 'Pune', 'Mumbai', '2023-02-14', '2A', 900, 80, 0),
(3, 'Pune', 'Mumbai', '2023-02-14', '2S', 90, 360, 0),
(3, 'Pune', 'Mumbai', '2023-02-14', '3A', 800, 120, 0),
(3, 'Pune', 'Mumbai', '2023-02-14', 'SL', 250, 360, 0),
(3, 'Raichur', 'Mumbai', '2023-01-29', '1A', 2000, 60, 0),
(3, 'Raichur', 'Mumbai', '2023-01-29', '2A', 1700, 96, 4),
(3, 'Raichur', 'Mumbai', '2023-01-29', '2S', 270, 360, 3),
(3, 'Raichur', 'Mumbai', '2023-01-29', '3A', 1600, 120, 0),
(3, 'Raichur', 'Mumbai', '2023-01-29', 'SL', 750, 360, 0),
(3, 'Raichur', 'Mumbai', '2023-02-03', '1A', 850, 50, 2),
(3, 'Raichur', 'Mumbai', '2023-02-03', '2A', 430, 50, 0),
(3, 'Raichur', 'Mumbai', '2023-02-03', '3A', 540, 40, 0),
(3, 'Raichur', 'Mumbai', '2023-02-04', '1A', 450, 30, 0),
(3, 'Raichur', 'Mumbai', '2023-02-04', '2A', 450, 30, 0),
(3, 'Raichur', 'Mumbai', '2023-02-04', '3A', 540, 30, 0),
(3, 'Raichur', 'Mumbai', '2023-02-13', '1A', 2000, 60, 0),
(3, 'Raichur', 'Mumbai', '2023-02-13', '2A', 1700, 100, 0),
(3, 'Raichur', 'Mumbai', '2023-02-13', '2S', 270, 360, 0),
(3, 'Raichur', 'Mumbai', '2023-02-13', '3A', 1600, 120, 0),
(3, 'Raichur', 'Mumbai', '2023-02-13', 'SL', 750, 360, 0),
(3, 'Raichur', 'Pune', '2023-01-29', '1A', 1500, 50, 0),
(3, 'Raichur', 'Pune', '2023-01-29', '2A', 1300, 96, 4),
(3, 'Raichur', 'Pune', '2023-01-29', '2S', 180, 360, 3),
(3, 'Raichur', 'Pune', '2023-01-29', '3A', 1200, 120, 0),
(3, 'Raichur', 'Pune', '2023-01-29', 'SL', 500, 360, 0),
(3, 'Raichur', 'Pune', '2023-02-03', '1A', 808, 48, 2),
(3, 'Raichur', 'Pune', '2023-02-03', '2A', 440, 20, 0),
(3, 'Raichur', 'Pune', '2023-02-03', '3A', 654, 40, 0),
(3, 'Raichur', 'Pune', '2023-02-04', '1A', 654, 30, 0),
(3, 'Raichur', 'Pune', '2023-02-04', '2A', 66, 30, 0),
(3, 'Raichur', 'Pune', '2023-02-04', '3A', 540, 30, 0),
(3, 'Raichur', 'Pune', '2023-02-13', '1A', 1500, 50, 0),
(3, 'Raichur', 'Pune', '2023-02-13', '2A', 1300, 100, 0),
(3, 'Raichur', 'Pune', '2023-02-13', '2S', 180, 360, 0),
(3, 'Raichur', 'Pune', '2023-02-13', '3A', 1200, 120, 0),
(3, 'Raichur', 'Pune', '2023-02-13', 'SL', 500, 360, 0),
(3, 'Raichur', 'Solapur', '2023-01-29', '1A', 1000, 40, 0),
(3, 'Raichur', 'Solapur', '2023-01-29', '2A', 900, 76, 4),
(3, 'Raichur', 'Solapur', '2023-01-29', '2S', 90, 360, 3),
(3, 'Raichur', 'Solapur', '2023-01-29', '3A', 800, 120, 0),
(3, 'Raichur', 'Solapur', '2023-01-29', 'SL', 250, 360, 0),
(3, 'Raichur', 'Solapur', '2023-02-03', '1A', 850, 50, 2),
(3, 'Raichur', 'Solapur', '2023-02-03', '2A', 440, 20, 0),
(3, 'Raichur', 'Solapur', '2023-02-03', '3A', 540, 40, 0),
(3, 'Raichur', 'Solapur', '2023-02-04', '1A', 540, 33, 0),
(3, 'Raichur', 'Solapur', '2023-02-04', '2A', 650, 30, 0),
(3, 'Raichur', 'Solapur', '2023-02-04', '3A', 540, 30, 0),
(3, 'Raichur', 'Solapur', '2023-02-13', '1A', 1000, 40, 0),
(3, 'Raichur', 'Solapur', '2023-02-13', '2A', 900, 80, 0),
(3, 'Raichur', 'Solapur', '2023-02-13', '2S', 90, 360, 0),
(3, 'Raichur', 'Solapur', '2023-02-13', '3A', 800, 120, 0),
(3, 'Raichur', 'Solapur', '2023-02-13', 'SL', 250, 360, 0),
(3, 'Solapur', 'Mumbai', '2023-01-29', '1A', 1500, 50, 0),
(3, 'Solapur', 'Mumbai', '2023-01-29', '2A', 1300, 96, 4),
(3, 'Solapur', 'Mumbai', '2023-01-29', '2S', 180, 360, 3),
(3, 'Solapur', 'Mumbai', '2023-01-29', '3A', 1600, 120, 0),
(3, 'Solapur', 'Mumbai', '2023-01-29', 'SL', 500, 360, 0),
(3, 'Solapur', 'Mumbai', '2023-02-03', '1A', 580, 18, 2),
(3, 'Solapur', 'Mumbai', '2023-02-03', '2A', 440, 40, 0),
(3, 'Solapur', 'Mumbai', '2023-02-03', '3A', 5440, 40, 0),
(3, 'Solapur', 'Mumbai', '2023-02-04', '1A', 450, 30, 0),
(3, 'Solapur', 'Mumbai', '2023-02-04', '2A', 870, 30, 0),
(3, 'Solapur', 'Mumbai', '2023-02-04', '3A', 540, 30, 0),
(3, 'Solapur', 'Mumbai', '2023-02-13', '1A', 1500, 50, 0),
(3, 'Solapur', 'Mumbai', '2023-02-13', '2A', 1300, 100, 0),
(3, 'Solapur', 'Mumbai', '2023-02-13', '2S', 180, 360, 0),
(3, 'Solapur', 'Mumbai', '2023-02-13', '3A', 1600, 120, 0),
(3, 'Solapur', 'Mumbai', '2023-02-13', 'SL', 500, 360, 0),
(3, 'Solapur', 'Pune', '2023-01-29', '1A', 1000, 40, 0),
(3, 'Solapur', 'Pune', '2023-01-29', '2A', 900, 76, 4),
(3, 'Solapur', 'Pune', '2023-01-29', '2S', 90, 360, 3),
(3, 'Solapur', 'Pune', '2023-01-29', '3A', 800, 120, 0),
(3, 'Solapur', 'Pune', '2023-01-29', 'SL', 250, 360, 0),
(3, 'Solapur', 'Pune', '2023-02-03', '1A', 780, 48, 2),
(3, 'Solapur', 'Pune', '2023-02-03', '2A', 44, 60, 0),
(3, 'Solapur', 'Pune', '2023-02-03', '3A', 450, 40, 0),
(3, 'Solapur', 'Pune', '2023-02-04', '1A', 650, 30, 0),
(3, 'Solapur', 'Pune', '2023-02-04', '2A', 340, 30, 0),
(3, 'Solapur', 'Pune', '2023-02-04', '3A', 340, 30, 0),
(3, 'Solapur', 'Pune', '2023-02-13', '1A', 1000, 40, 0),
(3, 'Solapur', 'Pune', '2023-02-13', '2A', 900, 80, 0),
(3, 'Solapur', 'Pune', '2023-02-13', '2S', 90, 360, 0),
(3, 'Solapur', 'Pune', '2023-02-13', '3A', 800, 120, 0),
(3, 'Solapur', 'Pune', '2023-02-13', 'SL', 250, 360, 0),
(4, 'Anantapur', 'Hyderabad', '2023-01-30', '1A', 2400, 60, 0),
(4, 'Anantapur', 'Hyderabad', '2023-01-30', '2A', 2000, 95, 5),
(4, 'Anantapur', 'Hyderabad', '2023-01-30', '2S', 140, 450, 0),
(4, 'Anantapur', 'Hyderabad', '2023-01-30', '3A', 1400, 150, 0),
(4, 'Anantapur', 'Hyderabad', '2023-01-30', 'SL', 400, 444, 6),
(4, 'Anantapur', 'Hyderabad', '2023-02-04', '1A', 580, 30, 0),
(4, 'Anantapur', 'Hyderabad', '2023-02-04', '2A', 870, 30, 0),
(4, 'Anantapur', 'Hyderabad', '2023-02-04', '3A', 560, 50, 0),
(4, 'Anantapur', 'Hyderabad', '2023-02-05', '1A', 890, 30, 0),
(4, 'Anantapur', 'Hyderabad', '2023-02-05', '2A', 960, 30, 0),
(4, 'Anantapur', 'Hyderabad', '2023-02-05', '3A', 850, 60, 0),
(4, 'Anantapur', 'Hyderabad', '2023-02-14', '1A', 2400, 60, 0),
(4, 'Anantapur', 'Hyderabad', '2023-02-14', '2A', 2000, 100, 0),
(4, 'Anantapur', 'Hyderabad', '2023-02-14', '2S', 140, 450, 0),
(4, 'Anantapur', 'Hyderabad', '2023-02-14', '3A', 1400, 150, 0),
(4, 'Anantapur', 'Hyderabad', '2023-02-14', 'SL', 400, 450, 0),
(4, 'Anantapur', 'Kurnool', '2023-01-30', '1A', 1200, 60, 0),
(4, 'Anantapur', 'Kurnool', '2023-01-30', '2A', 1000, 95, 5),
(4, 'Anantapur', 'Kurnool', '2023-01-30', '2S', 70, 450, 0),
(4, 'Anantapur', 'Kurnool', '2023-01-30', '3A', 700, 150, 0),
(4, 'Anantapur', 'Kurnool', '2023-01-30', 'SL', 200, 444, 6),
(4, 'Anantapur', 'Kurnool', '2023-02-04', '1A', 780, 30, 0),
(4, 'Anantapur', 'Kurnool', '2023-02-04', '2A', 340, 30, 0),
(4, 'Anantapur', 'Kurnool', '2023-02-04', '3A', 550, 50, 0),
(4, 'Anantapur', 'Kurnool', '2023-02-05', '1A', 780, 30, 0),
(4, 'Anantapur', 'Kurnool', '2023-02-05', '2A', 820, 30, 0),
(4, 'Anantapur', 'Kurnool', '2023-02-05', '3A', 550, 60, 0),
(4, 'Anantapur', 'Kurnool', '2023-02-14', '1A', 1200, 60, 0),
(4, 'Anantapur', 'Kurnool', '2023-02-14', '2A', 1000, 100, 0),
(4, 'Anantapur', 'Kurnool', '2023-02-14', '2S', 70, 450, 0),
(4, 'Anantapur', 'Kurnool', '2023-02-14', '3A', 700, 150, 0),
(4, 'Anantapur', 'Kurnool', '2023-02-14', 'SL', 200, 450, 0),
(4, 'Bengaluru', 'Anantapur', '2023-01-29', '1A', 3200, 60, 0),
(4, 'Bengaluru', 'Anantapur', '2023-01-29', '2A', 3000, 100, 0),
(4, 'Bengaluru', 'Anantapur', '2023-01-29', '2S', 210, 450, 0),
(4, 'Bengaluru', 'Anantapur', '2023-01-29', '3A', 2100, 150, 0),
(4, 'Bengaluru', 'Anantapur', '2023-01-29', 'SL', 600, 450, 0),
(4, 'Bengaluru', 'Anantapur', '2023-02-03', '1A', 1400, 30, 0),
(4, 'Bengaluru', 'Anantapur', '2023-02-03', '2A', 800, 30, 0),
(4, 'Bengaluru', 'Anantapur', '2023-02-03', '3A', 750, 50, 0),
(4, 'Bengaluru', 'Anantapur', '2023-02-04', '1A', 630, 30, 0),
(4, 'Bengaluru', 'Anantapur', '2023-02-04', '2A', 850, 30, 0),
(4, 'Bengaluru', 'Anantapur', '2023-02-04', '3A', 960, 60, 0),
(4, 'Bengaluru', 'Anantapur', '2023-02-13', '1A', 3200, 60, 0),
(4, 'Bengaluru', 'Anantapur', '2023-02-13', '2A', 3000, 100, 0),
(4, 'Bengaluru', 'Anantapur', '2023-02-13', '2S', 210, 450, 0),
(4, 'Bengaluru', 'Anantapur', '2023-02-13', '3A', 2100, 150, 0),
(4, 'Bengaluru', 'Anantapur', '2023-02-13', 'SL', 600, 448, 2),
(4, 'Bengaluru', 'Doddaballapura', '2023-01-29', '1A', 1200, 60, 0),
(4, 'Bengaluru', 'Doddaballapura', '2023-01-29', '2A', 1000, 100, 0),
(4, 'Bengaluru', 'Doddaballapura', '2023-01-29', '2S', 70, 450, 0),
(4, 'Bengaluru', 'Doddaballapura', '2023-01-29', '3A', 700, 150, 0),
(4, 'Bengaluru', 'Doddaballapura', '2023-01-29', 'SL', 200, 450, 0),
(4, 'Bengaluru', 'Doddaballapura', '2023-02-03', '1A', 1220, 30, 0),
(4, 'Bengaluru', 'Doddaballapura', '2023-02-03', '2A', 800, 30, 0),
(4, 'Bengaluru', 'Doddaballapura', '2023-02-03', '3A', 850, 50, 0),
(4, 'Bengaluru', 'Doddaballapura', '2023-02-04', '1A', 850, 20, 0),
(4, 'Bengaluru', 'Doddaballapura', '2023-02-04', '2A', 850, 30, 0),
(4, 'Bengaluru', 'Doddaballapura', '2023-02-04', '3A', 850, 60, 0),
(4, 'Bengaluru', 'Doddaballapura', '2023-02-13', '1A', 1200, 60, 0),
(4, 'Bengaluru', 'Doddaballapura', '2023-02-13', '2A', 1000, 100, 0),
(4, 'Bengaluru', 'Doddaballapura', '2023-02-13', '2S', 70, 450, 0),
(4, 'Bengaluru', 'Doddaballapura', '2023-02-13', '3A', 700, 150, 0),
(4, 'Bengaluru', 'Doddaballapura', '2023-02-13', 'SL', 200, 448, 2),
(4, 'Bengaluru', 'Hindupur', '2023-01-29', '1A', 2200, 60, 0),
(4, 'Bengaluru', 'Hindupur', '2023-01-29', '2A', 2000, 100, 0),
(4, 'Bengaluru', 'Hindupur', '2023-01-29', '2S', 140, 450, 0),
(4, 'Bengaluru', 'Hindupur', '2023-01-29', '3A', 1400, 150, 0),
(4, 'Bengaluru', 'Hindupur', '2023-01-29', 'SL', 400, 450, 0),
(4, 'Bengaluru', 'Hindupur', '2023-02-03', '1A', 2010, 30, 0),
(4, 'Bengaluru', 'Hindupur', '2023-02-03', '2A', 1600, 30, 0),
(4, 'Bengaluru', 'Hindupur', '2023-02-03', '3A', 850, 50, 0),
(4, 'Bengaluru', 'Hindupur', '2023-02-04', '1A', 960, 30, 0),
(4, 'Bengaluru', 'Hindupur', '2023-02-04', '2A', 850, 30, 0),
(4, 'Bengaluru', 'Hindupur', '2023-02-04', '3A', 850, 60, 0),
(4, 'Bengaluru', 'Hindupur', '2023-02-13', '1A', 2200, 60, 0),
(4, 'Bengaluru', 'Hindupur', '2023-02-13', '2A', 2000, 100, 0),
(4, 'Bengaluru', 'Hindupur', '2023-02-13', '2S', 140, 450, 0),
(4, 'Bengaluru', 'Hindupur', '2023-02-13', '3A', 1400, 150, 0),
(4, 'Bengaluru', 'Hindupur', '2023-02-13', 'SL', 400, 448, 2),
(4, 'Bengaluru', 'Hyderabad', '2023-01-29', '1A', 5500, 60, 0),
(4, 'Bengaluru', 'Hyderabad', '2023-01-29', '2A', 5000, 100, 0),
(4, 'Bengaluru', 'Hyderabad', '2023-01-29', '2S', 350, 450, 0),
(4, 'Bengaluru', 'Hyderabad', '2023-01-29', '3A', 3500, 150, 0),
(4, 'Bengaluru', 'Hyderabad', '2023-01-29', 'SL', 1000, 450, 0),
(4, 'Bengaluru', 'Hyderabad', '2023-02-03', '1A', 800, 30, 0),
(4, 'Bengaluru', 'Hyderabad', '2023-02-03', '2A', 670, 30, 0),
(4, 'Bengaluru', 'Hyderabad', '2023-02-03', '3A', 250, 50, 0),
(4, 'Bengaluru', 'Hyderabad', '2023-02-04', '1A', 780, 30, 0),
(4, 'Bengaluru', 'Hyderabad', '2023-02-04', '2A', 890, 30, 0),
(4, 'Bengaluru', 'Hyderabad', '2023-02-04', '3A', 690, 60, 0),
(4, 'Bengaluru', 'Hyderabad', '2023-02-13', '1A', 5500, 60, 0),
(4, 'Bengaluru', 'Hyderabad', '2023-02-13', '2A', 5000, 100, 0),
(4, 'Bengaluru', 'Hyderabad', '2023-02-13', '2S', 350, 450, 0),
(4, 'Bengaluru', 'Hyderabad', '2023-02-13', '3A', 3500, 150, 0),
(4, 'Bengaluru', 'Hyderabad', '2023-02-13', 'SL', 1000, 448, 2),
(4, 'Bengaluru', 'Kurnool', '2023-01-29', '1A', 4400, 60, 0),
(4, 'Bengaluru', 'Kurnool', '2023-01-29', '2A', 4000, 100, 0),
(4, 'Bengaluru', 'Kurnool', '2023-01-29', '2S', 280, 450, 0),
(4, 'Bengaluru', 'Kurnool', '2023-01-29', '3A', 2800, 150, 0),
(4, 'Bengaluru', 'Kurnool', '2023-01-29', 'SL', 800, 450, 0),
(4, 'Bengaluru', 'Kurnool', '2023-02-03', '1A', 800, 30, 0),
(4, 'Bengaluru', 'Kurnool', '2023-02-03', '2A', 800, 30, 0),
(4, 'Bengaluru', 'Kurnool', '2023-02-03', '3A', 850, 50, 0),
(4, 'Bengaluru', 'Kurnool', '2023-02-04', '1A', 690, 30, 0),
(4, 'Bengaluru', 'Kurnool', '2023-02-04', '2A', 850, 30, 0),
(4, 'Bengaluru', 'Kurnool', '2023-02-04', '3A', 690, 60, 0),
(4, 'Bengaluru', 'Kurnool', '2023-02-13', '1A', 4400, 60, 0),
(4, 'Bengaluru', 'Kurnool', '2023-02-13', '2A', 4000, 100, 0),
(4, 'Bengaluru', 'Kurnool', '2023-02-13', '2S', 280, 450, 0),
(4, 'Bengaluru', 'Kurnool', '2023-02-13', '3A', 2800, 150, 0),
(4, 'Bengaluru', 'Kurnool', '2023-02-13', 'SL', 800, 448, 2),
(4, 'Doddaballapura', 'Anantapur', '2023-01-30', '1A', 2400, 60, 0),
(4, 'Doddaballapura', 'Anantapur', '2023-01-30', '2A', 2000, 95, 5),
(4, 'Doddaballapura', 'Anantapur', '2023-01-30', '2S', 140, 450, 0),
(4, 'Doddaballapura', 'Anantapur', '2023-01-30', '3A', 1400, 149, 1),
(4, 'Doddaballapura', 'Anantapur', '2023-01-30', 'SL', 400, 440, 10),
(4, 'Doddaballapura', 'Anantapur', '2023-02-04', '1A', 500, 30, 0),
(4, 'Doddaballapura', 'Anantapur', '2023-02-04', '2A', 550, 30, 0),
(4, 'Doddaballapura', 'Anantapur', '2023-02-04', '3A', 960, 50, 0),
(4, 'Doddaballapura', 'Anantapur', '2023-02-05', '1A', 850, 30, 0),
(4, 'Doddaballapura', 'Anantapur', '2023-02-05', '2A', 560, 30, 0),
(4, 'Doddaballapura', 'Anantapur', '2023-02-05', '3A', 450, 60, 0),
(4, 'Doddaballapura', 'Anantapur', '2023-02-14', '1A', 2400, 60, 0),
(4, 'Doddaballapura', 'Anantapur', '2023-02-14', '2A', 2000, 100, 0),
(4, 'Doddaballapura', 'Anantapur', '2023-02-14', '2S', 140, 450, 0),
(4, 'Doddaballapura', 'Anantapur', '2023-02-14', '3A', 1400, 150, 0),
(4, 'Doddaballapura', 'Anantapur', '2023-02-14', 'SL', 400, 450, 0),
(4, 'Doddaballapura', 'Hindupur', '2023-01-30', '1A', 1200, 60, 0),
(4, 'Doddaballapura', 'Hindupur', '2023-01-30', '2A', 1000, 100, 0),
(4, 'Doddaballapura', 'Hindupur', '2023-01-30', '2S', 70, 450, 0),
(4, 'Doddaballapura', 'Hindupur', '2023-01-30', '3A', 700, 149, 1),
(4, 'Doddaballapura', 'Hindupur', '2023-01-30', 'SL', 200, 450, 0),
(4, 'Doddaballapura', 'Hindupur', '2023-02-04', '1A', 900, 30, 0),
(4, 'Doddaballapura', 'Hindupur', '2023-02-04', '2A', 2700, 30, 0),
(4, 'Doddaballapura', 'Hindupur', '2023-02-04', '3A', 450, 50, 0),
(4, 'Doddaballapura', 'Hindupur', '2023-02-05', '1A', 850, 30, 0),
(4, 'Doddaballapura', 'Hindupur', '2023-02-05', '2A', 450, 30, 0),
(4, 'Doddaballapura', 'Hindupur', '2023-02-05', '3A', 850, 60, 0),
(4, 'Doddaballapura', 'Hindupur', '2023-02-14', '1A', 1200, 60, 0),
(4, 'Doddaballapura', 'Hindupur', '2023-02-14', '2A', 1000, 100, 0),
(4, 'Doddaballapura', 'Hindupur', '2023-02-14', '2S', 70, 450, 0),
(4, 'Doddaballapura', 'Hindupur', '2023-02-14', '3A', 700, 150, 0),
(4, 'Doddaballapura', 'Hindupur', '2023-02-14', 'SL', 200, 450, 0),
(4, 'Doddaballapura', 'Hyderabad', '2023-01-30', '1A', 4800, 60, 0),
(4, 'Doddaballapura', 'Hyderabad', '2023-01-30', '2A', 4000, 95, 5),
(4, 'Doddaballapura', 'Hyderabad', '2023-01-30', '2S', 280, 450, 0),
(4, 'Doddaballapura', 'Hyderabad', '2023-01-30', '3A', 2800, 149, 1),
(4, 'Doddaballapura', 'Hyderabad', '2023-01-30', 'SL', 800, 440, 10),
(4, 'Doddaballapura', 'Hyderabad', '2023-02-04', '1A', 200, 30, 0),
(4, 'Doddaballapura', 'Hyderabad', '2023-02-04', '2A', 500, 30, 0),
(4, 'Doddaballapura', 'Hyderabad', '2023-02-04', '3A', 520, 50, 0),
(4, 'Doddaballapura', 'Hyderabad', '2023-02-05', '1A', 450, 30, 0),
(4, 'Doddaballapura', 'Hyderabad', '2023-02-05', '2A', 560, 30, 0),
(4, 'Doddaballapura', 'Hyderabad', '2023-02-05', '3A', 580, 60, 0),
(4, 'Doddaballapura', 'Hyderabad', '2023-02-14', '1A', 4800, 60, 0),
(4, 'Doddaballapura', 'Hyderabad', '2023-02-14', '2A', 4000, 100, 0),
(4, 'Doddaballapura', 'Hyderabad', '2023-02-14', '2S', 280, 450, 0),
(4, 'Doddaballapura', 'Hyderabad', '2023-02-14', '3A', 2800, 150, 0),
(4, 'Doddaballapura', 'Hyderabad', '2023-02-14', 'SL', 800, 450, 0),
(4, 'Doddaballapura', 'Kurnool', '2023-01-30', '1A', 3600, 60, 0),
(4, 'Doddaballapura', 'Kurnool', '2023-01-30', '2A', 3000, 95, 5),
(4, 'Doddaballapura', 'Kurnool', '2023-01-30', '2S', 210, 450, 0),
(4, 'Doddaballapura', 'Kurnool', '2023-01-30', '3A', 2100, 149, 1),
(4, 'Doddaballapura', 'Kurnool', '2023-01-30', 'SL', 600, 440, 10),
(4, 'Doddaballapura', 'Kurnool', '2023-02-04', '1A', 650, 30, 0),
(4, 'Doddaballapura', 'Kurnool', '2023-02-04', '2A', 800, 30, 0),
(4, 'Doddaballapura', 'Kurnool', '2023-02-04', '3A', 140, 50, 0),
(4, 'Doddaballapura', 'Kurnool', '2023-02-05', '1A', 850, 30, 0),
(4, 'Doddaballapura', 'Kurnool', '2023-02-05', '2A', 560, 30, 0),
(4, 'Doddaballapura', 'Kurnool', '2023-02-05', '3A', 550, 60, 0),
(4, 'Doddaballapura', 'Kurnool', '2023-02-14', '1A', 3600, 60, 0),
(4, 'Doddaballapura', 'Kurnool', '2023-02-14', '2A', 3000, 100, 0),
(4, 'Doddaballapura', 'Kurnool', '2023-02-14', '2S', 210, 450, 0),
(4, 'Doddaballapura', 'Kurnool', '2023-02-14', '3A', 2100, 150, 0),
(4, 'Doddaballapura', 'Kurnool', '2023-02-14', 'SL', 600, 450, 0),
(4, 'Hindupur', 'Anantapur', '2023-01-30', '1A', 1200, 60, 0),
(4, 'Hindupur', 'Anantapur', '2023-01-30', '2A', 1000, 95, 5),
(4, 'Hindupur', 'Anantapur', '2023-01-30', '2S', 70, 450, 0),
(4, 'Hindupur', 'Anantapur', '2023-01-30', '3A', 700, 149, 1),
(4, 'Hindupur', 'Anantapur', '2023-01-30', 'SL', 200, 440, 10),
(4, 'Hindupur', 'Anantapur', '2023-02-04', '1A', 850, 30, 0),
(4, 'Hindupur', 'Anantapur', '2023-02-04', '2A', 650, 30, 0),
(4, 'Hindupur', 'Anantapur', '2023-02-04', '3A', 470, 50, 0),
(4, 'Hindupur', 'Anantapur', '2023-02-05', '1A', 850, 30, 0),
(4, 'Hindupur', 'Anantapur', '2023-02-05', '2A', 960, 30, 0),
(4, 'Hindupur', 'Anantapur', '2023-02-05', '3A', 520, 60, 0),
(4, 'Hindupur', 'Anantapur', '2023-02-14', '1A', 1200, 60, 0),
(4, 'Hindupur', 'Anantapur', '2023-02-14', '2A', 1000, 100, 0),
(4, 'Hindupur', 'Anantapur', '2023-02-14', '2S', 70, 450, 0),
(4, 'Hindupur', 'Anantapur', '2023-02-14', '3A', 700, 150, 0),
(4, 'Hindupur', 'Anantapur', '2023-02-14', 'SL', 200, 450, 0),
(4, 'Hindupur', 'Hyderabad', '2023-01-30', '1A', 3600, 60, 0),
(4, 'Hindupur', 'Hyderabad', '2023-01-30', '2A', 3000, 95, 5),
(4, 'Hindupur', 'Hyderabad', '2023-01-30', '2S', 210, 450, 0),
(4, 'Hindupur', 'Hyderabad', '2023-01-30', '3A', 2100, 149, 1),
(4, 'Hindupur', 'Hyderabad', '2023-01-30', 'SL', 600, 440, 10),
(4, 'Hindupur', 'Hyderabad', '2023-02-04', '1A', 850, 30, 0),
(4, 'Hindupur', 'Hyderabad', '2023-02-04', '2A', 450, 30, 0),
(4, 'Hindupur', 'Hyderabad', '2023-02-04', '3A', 85, 50, 0),
(4, 'Hindupur', 'Hyderabad', '2023-02-05', '1A', 960, 30, 0),
(4, 'Hindupur', 'Hyderabad', '2023-02-05', '2A', 850, 30, 0),
(4, 'Hindupur', 'Hyderabad', '2023-02-05', '3A', 850, 60, 0),
(4, 'Hindupur', 'Hyderabad', '2023-02-14', '1A', 3600, 60, 0),
(4, 'Hindupur', 'Hyderabad', '2023-02-14', '2A', 3000, 100, 0),
(4, 'Hindupur', 'Hyderabad', '2023-02-14', '2S', 210, 450, 0),
(4, 'Hindupur', 'Hyderabad', '2023-02-14', '3A', 2100, 150, 0),
(4, 'Hindupur', 'Hyderabad', '2023-02-14', 'SL', 600, 450, 0),
(4, 'Hindupur', 'Kurnool', '2023-01-30', '1A', 2400, 60, 0),
(4, 'Hindupur', 'Kurnool', '2023-01-30', '2A', 2000, 95, 5),
(4, 'Hindupur', 'Kurnool', '2023-01-30', '2S', 140, 450, 0),
(4, 'Hindupur', 'Kurnool', '2023-01-30', '3A', 1400, 149, 1),
(4, 'Hindupur', 'Kurnool', '2023-01-30', 'SL', 400, 440, 10),
(4, 'Hindupur', 'Kurnool', '2023-02-04', '1A', 654, 30, 0),
(4, 'Hindupur', 'Kurnool', '2023-02-04', '2A', 440, 30, 0),
(4, 'Hindupur', 'Kurnool', '2023-02-04', '3A', 780, 50, 0),
(4, 'Hindupur', 'Kurnool', '2023-02-05', '1A', 580, 30, 0),
(4, 'Hindupur', 'Kurnool', '2023-02-05', '2A', 850, 30, 0),
(4, 'Hindupur', 'Kurnool', '2023-02-05', '3A', 80, 60, 0),
(4, 'Hindupur', 'Kurnool', '2023-02-14', '1A', 2400, 60, 0),
(4, 'Hindupur', 'Kurnool', '2023-02-14', '2A', 2000, 100, 0),
(4, 'Hindupur', 'Kurnool', '2023-02-14', '2S', 140, 450, 0),
(4, 'Hindupur', 'Kurnool', '2023-02-14', '3A', 1400, 150, 0),
(4, 'Hindupur', 'Kurnool', '2023-02-14', 'SL', 400, 450, 0),
(4, 'Kurnool', 'Hyderabad', '2023-01-30', '1A', 1200, 60, 0),
(4, 'Kurnool', 'Hyderabad', '2023-01-30', '2A', 1000, 100, 0),
(4, 'Kurnool', 'Hyderabad', '2023-01-30', '2S', 70, 450, 0),
(4, 'Kurnool', 'Hyderabad', '2023-01-30', '3A', 700, 150, 0),
(4, 'Kurnool', 'Hyderabad', '2023-01-30', 'SL', 200, 444, 6),
(4, 'Kurnool', 'Hyderabad', '2023-02-04', '1A', 450, 30, 0),
(4, 'Kurnool', 'Hyderabad', '2023-02-04', '2A', 540, 30, 0),
(4, 'Kurnool', 'Hyderabad', '2023-02-04', '3A', 800, 50, 0),
(4, 'Kurnool', 'Hyderabad', '2023-02-05', '1A', 780, 30, 0),
(4, 'Kurnool', 'Hyderabad', '2023-02-05', '2A', 780, 30, 0),
(4, 'Kurnool', 'Hyderabad', '2023-02-05', '3A', 580, 60, 0),
(4, 'Kurnool', 'Hyderabad', '2023-02-14', '1A', 1200, 60, 0),
(4, 'Kurnool', 'Hyderabad', '2023-02-14', '2A', 1000, 100, 0),
(4, 'Kurnool', 'Hyderabad', '2023-02-14', '2S', 70, 450, 0),
(4, 'Kurnool', 'Hyderabad', '2023-02-14', '3A', 700, 150, 0),
(4, 'Kurnool', 'Hyderabad', '2023-02-14', 'SL', 200, 450, 0),
(5, 'Bengaluru', 'Birur', '2023-01-30', '2S', 180, 709, 12),
(5, 'Bengaluru', 'Birur', '2023-01-30', 'CC', 500, 237, 9),
(5, 'Bengaluru', 'Birur', '2023-02-03', '2S', 160, 720, 0),
(5, 'Bengaluru', 'Birur', '2023-02-03', 'CC', 580, 360, 0),
(5, 'Bengaluru', 'Birur', '2023-02-04', '2S', 150, 720, 0),
(5, 'Bengaluru', 'Birur', '2023-02-04', 'CC', 580, 360, 0),
(5, 'Bengaluru', 'Birur', '2023-02-13', '2S', 160, 720, 1),
(5, 'Bengaluru', 'Birur', '2023-02-13', 'CC', 480, 240, 0),
(5, 'Bengaluru', 'Shivamogga', '2023-01-30', '2S', 250, 709, 12),
(5, 'Bengaluru', 'Shivamogga', '2023-01-30', 'CC', 900, 2397, 9),
(5, 'Bengaluru', 'Shivamogga', '2023-02-03', '2S', 220, 720, 0),
(5, 'Bengaluru', 'Shivamogga', '2023-02-03', 'CC', 850, 360, 0),
(5, 'Bengaluru', 'Shivamogga', '2023-02-04', '2S', 220, 720, 0),
(5, 'Bengaluru', 'Shivamogga', '2023-02-04', 'CC', 850, 360, 0),
(5, 'Bengaluru', 'Shivamogga', '2023-02-13', '2S', 220, 720, 1),
(5, 'Bengaluru', 'Shivamogga', '2023-02-13', 'CC', 600, 240, 0),
(5, 'Bengaluru', 'Tumkur', '2023-01-30', '2S', 90, 710, 10),
(5, 'Bengaluru', 'Tumkur', '2023-01-30', 'CC', 300, 237, 9),
(5, 'Bengaluru', 'Tumkur', '2023-02-03', '2S', 80, 720, 0),
(5, 'Bengaluru', 'Tumkur', '2023-02-03', 'CC', 300, 360, 0),
(5, 'Bengaluru', 'Tumkur', '2023-02-04', '2S', 80, 720, 0),
(5, 'Bengaluru', 'Tumkur', '2023-02-04', 'CC', 300, 360, 0),
(5, 'Bengaluru', 'Tumkur', '2023-02-13', '2S', 90, 720, 1),
(5, 'Bengaluru', 'Tumkur', '2023-02-13', 'CC', 270, 240, 0),
(5, 'Birur', 'Shivamogga', '2023-01-30', '2S', 110, 715, 5),
(5, 'Birur', 'Shivamogga', '2023-01-30', 'CC', 300, 237, 3),
(5, 'Birur', 'Shivamogga', '2023-02-03', '2S', 100, 720, 0),
(5, 'Birur', 'Shivamogga', '2023-02-03', 'CC', 340, 360, 0),
(5, 'Birur', 'Shivamogga', '2023-02-04', '2S', 110, 720, 0),
(5, 'Birur', 'Shivamogga', '2023-02-04', 'CC', 340, 360, 0),
(5, 'Birur', 'Shivamogga', '2023-02-13', '2S', 1100, 720, 1),
(5, 'Birur', 'Shivamogga', '2023-02-13', 'CC', 330, 240, 0),
(5, 'Tumkur', 'Birur', '2023-01-30', '2S', 100, 709, 12),
(5, 'Tumkur', 'Birur', '2023-01-30', 'CC', 300, 237, 9),
(5, 'Tumkur', 'Birur', '2023-02-03', '2S', 90, 720, 0),
(5, 'Tumkur', 'Birur', '2023-02-03', 'CC', 320, 360, 0),
(5, 'Tumkur', 'Birur', '2023-02-04', '2S', 90, 720, 0),
(5, 'Tumkur', 'Birur', '2023-02-04', 'CC', 320, 360, 0),
(5, 'Tumkur', 'Birur', '2023-02-13', '2S', 100, 720, 1),
(5, 'Tumkur', 'Birur', '2023-02-13', 'CC', 300, 240, 0),
(5, 'Tumkur', 'Shivamogga', '2023-01-30', '2S', 220, 709, 12),
(5, 'Tumkur', 'Shivamogga', '2023-01-30', 'CC', 400, 237, 9),
(5, 'Tumkur', 'Shivamogga', '2023-02-03', '2S', 170, 720, 0),
(5, 'Tumkur', 'Shivamogga', '2023-02-03', 'CC', 600, 360, 0),
(5, 'Tumkur', 'Shivamogga', '2023-02-04', '2S', 170, 720, 0),
(5, 'Tumkur', 'Shivamogga', '2023-02-04', 'CC', 560, 360, 0),
(5, 'Tumkur', 'Shivamogga', '2023-02-13', '2S', 150, 720, 1),
(5, 'Tumkur', 'Shivamogga', '2023-02-13', 'CC', 450, 240, 0),
(6, 'Bengaluru', 'Davangere', '2023-01-29', '2S', 170, 840, 0),
(6, 'Bengaluru', 'Davangere', '2023-01-29', 'CC', 460, 240, 0),
(6, 'Bengaluru', 'Davangere', '2023-02-03', '2S', 150, 720, 0),
(6, 'Bengaluru', 'Davangere', '2023-02-03', 'CC', 600, 360, 0),
(6, 'Bengaluru', 'Davangere', '2023-02-04', '2S', 160, 720, 0),
(6, 'Bengaluru', 'Davangere', '2023-02-04', 'CC', 600, 358, 2),
(6, 'Bengaluru', 'Davangere', '2023-02-13', '2S', 150, 720, 0),
(6, 'Bengaluru', 'Davangere', '2023-02-13', 'CC', 380, 240, 0),
(6, 'Bengaluru', 'Hubbali', '2023-01-29', '2S', 250, 840, 0),
(6, 'Bengaluru', 'Hubbali', '2023-01-29', 'CC', 570, 240, 0),
(6, 'Bengaluru', 'Hubbali', '2023-02-03', '2S', 220, 720, 0),
(6, 'Bengaluru', 'Hubbali', '2023-02-03', 'CC', 900, 360, 0),
(6, 'Bengaluru', 'Hubbali', '2023-02-04', '2S', 220, 720, 0),
(6, 'Bengaluru', 'Hubbali', '2023-02-04', 'CC', 900, 358, 2),
(6, 'Bengaluru', 'Hubbali', '2023-02-13', '2S', 220, 720, 0),
(6, 'Bengaluru', 'Hubbali', '2023-02-13', 'CC', 550, 240, 0),
(6, 'Bengaluru', 'Tumkur', '2023-01-29', '2S', 90, 840, 0),
(6, 'Bengaluru', 'Tumkur', '2023-01-29', 'CC', 230, 240, 0),
(6, 'Bengaluru', 'Tumkur', '2023-02-03', '2S', 80, 720, 0),
(6, 'Bengaluru', 'Tumkur', '2023-02-03', 'CC', 300, 360, 0),
(6, 'Bengaluru', 'Tumkur', '2023-02-04', '2S', 80, 720, 0),
(6, 'Bengaluru', 'Tumkur', '2023-02-04', 'CC', 300, 360, 0),
(6, 'Bengaluru', 'Tumkur', '2023-02-13', '2S', 80, 720, 0),
(6, 'Bengaluru', 'Tumkur', '2023-02-13', 'CC', 200, 240, 0),
(6, 'Davangere', 'Hubbali', '2023-01-29', '2S', 110, 840, 0),
(6, 'Davangere', 'Hubbali', '2023-01-29', 'CC', 240, 240, 0),
(6, 'Davangere', 'Hubbali', '2023-02-03', '2S', 100, 720, 0),
(6, 'Davangere', 'Hubbali', '2023-02-03', 'CC', 900, 360, 0),
(6, 'Davangere', 'Hubbali', '2023-02-04', '2S', 100, 720, 0),
(6, 'Davangere', 'Hubbali', '2023-02-04', 'CC', 300, 358, 2),
(6, 'Davangere', 'Hubbali', '2023-02-13', '2S', 120, 720, 0);
INSERT INTO `classseats` (`train_number`, `start_point`, `destination_point`, `journey_date`, `class_name`, `ticket_fare1`, `available_seats`, `booked_seats`) VALUES
(6, 'Davangere', 'Hubbali', '2023-02-13', 'CC', 230, 240, 0),
(6, 'Tumkur', 'Davangere', '2023-01-29', '2S', 100, 840, 0),
(6, 'Tumkur', 'Davangere', '2023-01-29', 'CC', 230, 240, 0),
(6, 'Tumkur', 'Davangere', '2023-02-03', '2S', 90, 720, 0),
(6, 'Tumkur', 'Davangere', '2023-02-03', 'CC', 300, 360, 0),
(6, 'Tumkur', 'Davangere', '2023-02-04', '2S', 90, 720, 0),
(6, 'Tumkur', 'Davangere', '2023-02-04', 'CC', 300, 358, 2),
(6, 'Tumkur', 'Davangere', '2023-02-13', '2S', 100, 720, 0),
(6, 'Tumkur', 'Davangere', '2023-02-13', 'CC', 210, 240, 0),
(6, 'Tumkur', 'Hubbali', '2023-01-29', '2S', 210, 840, 0),
(6, 'Tumkur', 'Hubbali', '2023-01-29', 'CC', 440, 240, 0),
(6, 'Tumkur', 'Hubbali', '2023-02-03', '2S', 170, 720, 0),
(6, 'Tumkur', 'Hubbali', '2023-02-03', 'CC', 600, 360, 0),
(6, 'Tumkur', 'Hubbali', '2023-02-04', '2S', 170, 720, 0),
(6, 'Tumkur', 'Hubbali', '2023-02-04', 'CC', 600, 358, 2),
(6, 'Tumkur', 'Hubbali', '2023-02-13', '2S', 190, 720, 0),
(6, 'Tumkur', 'Hubbali', '2023-02-13', 'CC', 400, 240, 0),
(7, 'Bubaneshwara', 'Bengaluru', '2023-01-29', '2S', 190, 720, 0),
(7, 'Bubaneshwara', 'Bengaluru', '2023-01-29', 'CC', 410, 240, 6),
(7, 'Bubaneshwara', 'Bengaluru', '2023-02-03', '2S', 170, 720, 0),
(7, 'Bubaneshwara', 'Bengaluru', '2023-02-03', 'CC', 580, 360, 0),
(7, 'Bubaneshwara', 'Bengaluru', '2023-02-04', '2S', 180, 720, 0),
(7, 'Bubaneshwara', 'Bengaluru', '2023-07-04', 'CC', 600, 360, 0),
(7, 'Bubaneshwara', 'Bengaluru', '2023-07-13', '2S', 160, 720, 0),
(7, 'Bubaneshwara', 'Bengaluru', '2023-07-13', 'CC', 450, 240, 0),
(7, 'Bubaneshwara', 'Vijaywada', '2023-01-29', '2S', 100, 720, 0),
(7, 'Bubaneshwara', 'Vijaywada', '2023-01-29', 'CC', 200, 240, 6),
(7, 'Bubaneshwara', 'Vijaywada', '2023-02-03', '2S', 90, 720, 0),
(7, 'Bubaneshwara', 'Vijaywada', '2023-02-03', 'CC', 320, 360, 0),
(7, 'Bubaneshwara', 'Vijaywada', '2023-02-04', '2S', 90, 720, 0),
(7, 'Bubaneshwara', 'Vijaywada', '2023-02-04', 'CC', 300, 360, 0),
(7, 'Bubaneshwara', 'Vijaywada', '2023-02-13', '2S', 80, 720, 0),
(7, 'Bubaneshwara', 'Vijaywada', '2023-02-13', 'CC', 250, 240, 0),
(7, 'Kolkata', 'Bengaluru', '2023-01-29', '2S', 250, 718, 2),
(7, 'Kolkata', 'Bengaluru', '2023-01-29', 'CC', 540, 240, 6),
(7, 'Kolkata', 'Bengaluru', '2023-02-03', '2S', 220, 720, 0),
(7, 'Kolkata', 'Bengaluru', '2023-02-03', 'CC', 750, 360, 0),
(7, 'Kolkata', 'Bengaluru', '2023-02-04', '2S', 270, 720, 0),
(7, 'Kolkata', 'Bengaluru', '2023-02-04', 'CC', 900, 360, 0),
(7, 'Kolkata', 'Bengaluru', '2023-02-13', '2S', 240, 720, 0),
(7, 'Kolkata', 'Bengaluru', '2023-02-13', 'CC', 640, 240, 0),
(7, 'Kolkata', 'Bubaneshwara', '2023-01-29', '2S', 90, 720, 0),
(7, 'Kolkata', 'Bubaneshwara', '2023-01-29', 'CC', 190, 240, 6),
(7, 'Kolkata', 'Bubaneshwara', '2023-02-03', '2S', 80, 720, 0),
(7, 'Kolkata', 'Bubaneshwara', '2023-02-03', 'CC', 300, 360, 0),
(7, 'Kolkata', 'Bubaneshwara', '2023-02-04', '2S', 90, 720, 0),
(7, 'Kolkata', 'Bubaneshwara', '2023-02-04', 'CC', 300, 360, 0),
(7, 'Kolkata', 'Bubaneshwara', '2023-02-13', '2S', 80, 720, 0),
(7, 'Kolkata', 'Bubaneshwara', '2023-02-13', 'CC', 240, 240, 0),
(7, 'Kolkata', 'Vijaywada', '2023-01-29', '2S', 180, 720, 0),
(7, 'Kolkata', 'Vijaywada', '2023-01-29', 'CC', 370, 240, 6),
(7, 'Kolkata', 'Vijaywada', '2023-02-03', '2S', 160, 720, 0),
(7, 'Kolkata', 'Vijaywada', '2023-02-03', 'CC', 550, 360, 0),
(7, 'Kolkata', 'Vijaywada', '2023-02-04', '2S', 180, 720, 0),
(7, 'Kolkata', 'Vijaywada', '2023-02-04', 'CC', 600, 360, 0),
(7, 'Kolkata', 'Vijaywada', '2023-02-13', '2S', 160, 720, 0),
(7, 'Kolkata', 'Vijaywada', '2023-02-13', 'CC', 440, 240, 0),
(7, 'Vijaywada', 'Bengaluru', '2023-01-29', '2S', 110, 718, 2),
(7, 'Vijaywada', 'Bengaluru', '2023-01-29', 'CC', 210, 240, 0),
(7, 'Vijaywada', 'Bengaluru', '2023-02-03', '2S', 100, 720, 0),
(7, 'Vijaywada', 'Bengaluru', '2023-02-03', 'CC', 340, 360, 0),
(7, 'Vijaywada', 'Bengaluru', '2023-02-04', '2S', 90, 720, 0),
(7, 'Vijaywada', 'Bengaluru', '2023-02-04', 'CC', 300, 360, 0),
(7, 'Vijaywada', 'Bengaluru', '2023-02-13', '2S', 80, 720, 0),
(7, 'Vijaywada', 'Bengaluru', '2023-02-13', 'CC', 270, 240, 0),
(8, 'Bangarpet', 'Chennai', '2023-01-29', '1A', 2000, 80, 0),
(8, 'Bangarpet', 'Chennai', '2023-01-29', '2A', 1800, 160, 0),
(8, 'Bangarpet', 'Chennai', '2023-01-29', '3A', 1400, 240, 0),
(8, 'Bangarpet', 'Chennai', '2023-01-29', 'SL', 800, 332, 8),
(8, 'Bangarpet', 'Chennai', '2023-02-13', '1A', 2000, 80, 0),
(8, 'Bangarpet', 'Chennai', '2023-02-13', '2A', 1800, 160, 0),
(8, 'Bangarpet', 'Chennai', '2023-02-13', '3A', 1400, 240, 0),
(8, 'Bangarpet', 'Chennai', '2023-02-13', 'SL', 800, 340, 0),
(8, 'Bangarpet', 'Katpadi', '2023-01-29', '1A', 1000, 80, 0),
(8, 'Bangarpet', 'Katpadi', '2023-01-29', '2A', 900, 160, 0),
(8, 'Bangarpet', 'Katpadi', '2023-01-29', '3A', 700, 240, 0),
(8, 'Bangarpet', 'Katpadi', '2023-01-29', 'SL', 400, 332, 8),
(8, 'Bangarpet', 'Katpadi', '2023-02-13', '1A', 1000, 80, 0),
(8, 'Bangarpet', 'Katpadi', '2023-02-13', '2A', 900, 160, 0),
(8, 'Bangarpet', 'Katpadi', '2023-02-13', '3A', 700, 240, 0),
(8, 'Bangarpet', 'Katpadi', '2023-02-13', 'SL', 400, 340, 0),
(8, 'Bengaluru', 'Bangarpet', '2023-01-29', '1A', 1000, 80, 0),
(8, 'Bengaluru', 'Bangarpet', '2023-01-29', '2A', 900, 160, 0),
(8, 'Bengaluru', 'Bangarpet', '2023-01-29', '3A', 700, 240, 0),
(8, 'Bengaluru', 'Bangarpet', '2023-01-29', 'SL', 400, 332, 8),
(8, 'Bengaluru', 'Bangarpet', '2023-02-13', '1A', 1000, 80, 0),
(8, 'Bengaluru', 'Bangarpet', '2023-02-13', '2A', 900, 160, 0),
(8, 'Bengaluru', 'Bangarpet', '2023-02-13', '3A', 700, 240, 0),
(8, 'Bengaluru', 'Bangarpet', '2023-02-13', 'SL', 400, 340, 0),
(8, 'Bengaluru', 'Chennai', '2023-01-29', '1A', 3000, 80, 0),
(8, 'Bengaluru', 'Chennai', '2023-01-29', '2A', 2700, 160, 0),
(8, 'Bengaluru', 'Chennai', '2023-01-29', '3A', 2100, 240, 0),
(8, 'Bengaluru', 'Chennai', '2023-01-29', 'SL', 1200, 332, 8),
(8, 'Bengaluru', 'Chennai', '2023-02-13', '1A', 3000, 80, 0),
(8, 'Bengaluru', 'Chennai', '2023-02-13', '2A', 2700, 160, 0),
(8, 'Bengaluru', 'Chennai', '2023-02-13', '3A', 2100, 240, 0),
(8, 'Bengaluru', 'Chennai', '2023-02-13', 'SL', 1200, 340, 0),
(8, 'Bengaluru', 'Katpadi', '2023-01-29', '1A', 2000, 80, 0),
(8, 'Bengaluru', 'Katpadi', '2023-01-29', '2A', 1800, 160, 0),
(8, 'Bengaluru', 'Katpadi', '2023-01-29', '3A', 1400, 240, 0),
(8, 'Bengaluru', 'Katpadi', '2023-01-29', 'SL', 800, 332, 8),
(8, 'Bengaluru', 'Katpadi', '2023-02-13', '1A', 2000, 80, 0),
(8, 'Bengaluru', 'Katpadi', '2023-02-13', '2A', 1800, 160, 0),
(8, 'Bengaluru', 'Katpadi', '2023-02-13', '3A', 1400, 240, 0),
(8, 'Bengaluru', 'Katpadi', '2023-02-13', 'SL', 800, 340, 0),
(8, 'Katpadi', 'Chennai', '2023-01-30', '1A', 1000, 80, 0),
(8, 'Katpadi', 'Chennai', '2023-01-30', '2A', 900, 160, 0),
(8, 'Katpadi', 'Chennai', '2023-01-30', '3A', 700, 240, 0),
(8, 'Katpadi', 'Chennai', '2023-01-30', 'SL', 400, 340, 0),
(8, 'Katpadi', 'Chennai', '2023-02-14', '1A', 1000, 80, 0),
(8, 'Katpadi', 'Chennai', '2023-02-14', '2A', 900, 160, 0),
(8, 'Katpadi', 'Chennai', '2023-02-14', '3A', 700, 240, 0),
(8, 'Katpadi', 'Chennai', '2023-02-14', 'SL', 400, 340, 0),
(9, 'Agra', 'Anantapur', '2023-06-29', '1A', 2400, 120, 0),
(9, 'Agra', 'Anantapur', '2023-06-29', '2A', 2100, 240, 0),
(9, 'Agra', 'Anantapur', '2023-06-29', '3A', 1650, 960, 0),
(9, 'Agra', 'Anantapur', '2023-07-13', '1A', 2400, 120, 0),
(9, 'Agra', 'Anantapur', '2023-07-13', '2A', 2100, 240, 0),
(9, 'Agra', 'Anantapur', '2023-07-13', '3A', 1650, 960, 0),
(9, 'Agra', 'Bengaluru', '2023-01-29', '1A', 4000, 120, 0),
(9, 'Agra', 'Bengaluru', '2023-01-29', '2A', 3500, 240, 0),
(9, 'Agra', 'Bengaluru', '2023-01-29', '3A', 2600, 960, 0),
(9, 'Agra', 'Bengaluru', '2023-02-13', '1A', 4000, 120, 0),
(9, 'Agra', 'Bengaluru', '2023-02-13', '2A', 3500, 240, 0),
(9, 'Agra', 'Bengaluru', '2023-02-13', '3A', 2600, 960, 0),
(9, 'Agra', 'Bhopal', '2023-01-29', '1A', 800, 120, 0),
(9, 'Agra', 'Bhopal', '2023-01-29', '2A', 700, 240, 0),
(9, 'Agra', 'Bhopal', '2023-01-29', '3A', 550, 960, 0),
(9, 'Agra', 'Bhopal', '2023-02-13', '1A', 800, 120, 0),
(9, 'Agra', 'Bhopal', '2023-02-13', '2A', 700, 240, 0),
(9, 'Agra', 'Bhopal', '2023-02-13', '3A', 550, 960, 0),
(9, 'Agra', 'Daund', '2023-01-29', '1A', 1600, 120, 0),
(9, 'Agra', 'Daund', '2023-01-29', '2A', 1400, 240, 0),
(9, 'Agra', 'Daund', '2023-01-29', '3A', 1100, 960, 0),
(9, 'Agra', 'Daund', '2023-02-13', '1A', 1600, 120, 0),
(9, 'Agra', 'Daund', '2023-02-13', '2A', 1400, 240, 0),
(9, 'Agra', 'Daund', '2023-02-13', '3A', 1100, 960, 0),
(9, 'Agra', 'Kalaburgi', '2023-01-29', '1A', 3200, 120, 0),
(9, 'Agra', 'Kalaburgi', '2023-01-29', '2A', 2800, 240, 0),
(9, 'Agra', 'Kalaburgi', '2023-01-29', '3A', 2200, 960, 0),
(9, 'Agra', 'Kalaburgi', '2023-02-13', '1A', 3200, 120, 0),
(9, 'Agra', 'Kalaburgi', '2023-02-13', '2A', 2800, 240, 0),
(9, 'Agra', 'Kalaburgi', '2023-02-13', '3A', 2200, 960, 0),
(9, 'Anantapur', 'Bengaluru', '2023-01-30', '1A', 1600, 120, 0),
(9, 'Anantapur', 'Bengaluru', '2023-01-30', '2A', 1400, 240, 0),
(9, 'Anantapur', 'Bengaluru', '2023-01-30', '3A', 1100, 960, 0),
(9, 'Anantapur', 'Bengaluru', '2023-02-14', '1A', 1600, 120, 0),
(9, 'Anantapur', 'Bengaluru', '2023-02-14', '2A', 1400, 240, 0),
(9, 'Anantapur', 'Bengaluru', '2023-02-14', '3A', 1100, 960, 0),
(9, 'Anantapur', 'Kalaburgi', '2023-01-30', '1A', 800, 120, 0),
(9, 'Anantapur', 'Kalaburgi', '2023-01-30', '2A', 700, 240, 0),
(9, 'Anantapur', 'Kalaburgi', '2023-01-30', '3A', 550, 960, 0),
(9, 'Anantapur', 'Kalaburgi', '2023-02-14', '1A', 800, 120, 0),
(9, 'Anantapur', 'Kalaburgi', '2023-02-14', '2A', 700, 240, 0),
(9, 'Anantapur', 'Kalaburgi', '2023-02-14', '3A', 550, 960, 0),
(9, 'Bhopal', 'Anantapur', '2023-01-30', '1A', 1600, 120, 0),
(9, 'Bhopal', 'Anantapur', '2023-01-30', '2A', 1400, 240, 0),
(9, 'Bhopal', 'Anantapur', '2023-01-30', '3A', 1100, 960, 0),
(9, 'Bhopal', 'Anantapur', '2023-02-14', '1A', 1600, 120, 0),
(9, 'Bhopal', 'Anantapur', '2023-02-14', '2A', 1400, 240, 0),
(9, 'Bhopal', 'Anantapur', '2023-02-14', '3A', 1100, 960, 0),
(9, 'Bhopal', 'Bengaluru', '2023-01-30', '1A', 3200, 120, 0),
(9, 'Bhopal', 'Bengaluru', '2023-01-30', '2A', 2800, 240, 0),
(9, 'Bhopal', 'Bengaluru', '2023-01-30', '3A', 2200, 960, 0),
(9, 'Bhopal', 'Bengaluru', '2023-02-14', '1A', 3200, 120, 0),
(9, 'Bhopal', 'Bengaluru', '2023-02-14', '2A', 2800, 240, 0),
(9, 'Bhopal', 'Bengaluru', '2023-02-14', '3A', 2200, 960, 0),
(9, 'Bhopal', 'Daund', '2023-01-30', '1A', 800, 120, 0),
(9, 'Bhopal', 'Daund', '2023-01-30', '2A', 700, 240, 0),
(9, 'Bhopal', 'Daund', '2023-01-30', '3A', 550, 960, 0),
(9, 'Bhopal', 'Daund', '2023-02-14', '1A', 800, 120, 0),
(9, 'Bhopal', 'Daund', '2023-02-14', '2A', 700, 240, 0),
(9, 'Bhopal', 'Daund', '2023-02-14', '3A', 550, 960, 0),
(9, 'Bhopal', 'Kalaburgi', '2023-01-30', '1A', 2400, 120, 0),
(9, 'Bhopal', 'Kalaburgi', '2023-01-30', '2A', 2100, 240, 0),
(9, 'Bhopal', 'Kalaburgi', '2023-01-30', '3A', 1650, 960, 0),
(9, 'Bhopal', 'Kalaburgi', '2023-02-14', '1A', 2400, 120, 0),
(9, 'Bhopal', 'Kalaburgi', '2023-02-14', '2A', 2100, 240, 0),
(9, 'Bhopal', 'Kalaburgi', '2023-02-14', '3A', 1650, 960, 0),
(9, 'Daund', 'Anantapur', '2023-01-30', '1A', 800, 120, 0),
(9, 'Daund', 'Anantapur', '2023-01-30', '2A', 700, 240, 0),
(9, 'Daund', 'Anantapur', '2023-01-30', '3A', 550, 960, 0),
(9, 'Daund', 'Anantapur', '2023-02-14', '1A', 800, 120, 0),
(9, 'Daund', 'Anantapur', '2023-02-14', '2A', 700, 240, 0),
(9, 'Daund', 'Anantapur', '2023-02-14', '3A', 550, 960, 0),
(9, 'Daund', 'Bengaluru', '2023-01-30', '1A', 2400, 120, 0),
(9, 'Daund', 'Bengaluru', '2023-01-30', '2A', 2100, 240, 0),
(9, 'Daund', 'Bengaluru', '2023-01-30', '3A', 1650, 960, 0),
(9, 'Daund', 'Bengaluru', '2023-02-14', '1A', 2400, 120, 0),
(9, 'Daund', 'Bengaluru', '2023-02-14', '2A', 2100, 240, 0),
(9, 'Daund', 'Bengaluru', '2023-02-14', '3A', 1650, 960, 0),
(9, 'Daund', 'Kalaburgi', '2023-01-30', '1A', 1600, 120, 0),
(9, 'Daund', 'Kalaburgi', '2023-01-30', '2A', 1400, 240, 0),
(9, 'Daund', 'Kalaburgi', '2023-01-30', '3A', 1100, 960, 0),
(9, 'Daund', 'Kalaburgi', '2023-02-14', '1A', 1600, 120, 0),
(9, 'Daund', 'Kalaburgi', '2023-02-14', '2A', 1400, 240, 0),
(9, 'Daund', 'Kalaburgi', '2023-02-14', '3A', 1100, 960, 0),
(9, 'Kalaburgi', 'Bengaluru', '2023-01-30', '1A', 800, 120, 0),
(9, 'Kalaburgi', 'Bengaluru', '2023-01-30', '2A', 700, 240, 0),
(9, 'Kalaburgi', 'Bengaluru', '2023-01-30', '3A', 550, 960, 0),
(9, 'Kalaburgi', 'Bengaluru', '2023-02-14', '1A', 800, 120, 0),
(9, 'Kalaburgi', 'Bengaluru', '2023-02-14', '2A', 700, 240, 0),
(9, 'Kalaburgi', 'Bengaluru', '2023-02-14', '3A', 550, 960, 0),
(9, 'New Delhi', 'Anantapur', '2023-01-29', '1A', 3200, 120, 0),
(9, 'New Delhi', 'Anantapur', '2023-01-29', '2A', 2800, 236, 4),
(9, 'New Delhi', 'Anantapur', '2023-01-29', '3A', 2200, 960, 0),
(9, 'New Delhi', 'Anantapur', '2023-02-13', '1A', 3200, 120, 0),
(9, 'New Delhi', 'Anantapur', '2023-02-13', '2A', 2800, 240, 0),
(9, 'New Delhi', 'Anantapur', '2023-02-13', '3A', 2200, 960, 0),
(9, 'New Delhi', 'Aurangabad', '2023-01-29', '1A', 800, 120, 0),
(9, 'New Delhi', 'Aurangabad', '2023-01-29', '2A', 700, 236, 4),
(9, 'New Delhi', 'Aurangabad', '2023-01-29', '3A', 550, 960, 0),
(9, 'New Delhi', 'Aurangabad', '2023-02-13', '1A', 800, 120, 0),
(9, 'New Delhi', 'Aurangabad', '2023-02-13', '2A', 700, 240, 0),
(9, 'New Delhi', 'Aurangabad', '2023-02-13', '3A', 550, 960, 0),
(9, 'New Delhi', 'Bengaluru', '2023-01-29', '1A', 4800, 120, 0),
(9, 'New Delhi', 'Bengaluru', '2023-01-29', '2A', 4200, 236, 4),
(9, 'New Delhi', 'Bengaluru', '2023-01-29', '3A', 3100, 960, 0),
(9, 'New Delhi', 'Bengaluru', '2023-02-13', '1A', 4800, 120, 0),
(9, 'New Delhi', 'Bengaluru', '2023-02-13', '2A', 4200, 240, 0),
(9, 'New Delhi', 'Bengaluru', '2023-02-13', '3A', 3100, 960, 0),
(9, 'New Delhi', 'Bhopal', '2023-01-29', '1A', 1600, 120, 0),
(9, 'New Delhi', 'Bhopal', '2023-01-29', '2A', 1400, 236, 4),
(9, 'New Delhi', 'Bhopal', '2023-01-29', '3A', 1100, 960, 0),
(9, 'New Delhi', 'Bhopal', '2023-02-13', '1A', 1600, 120, 0),
(9, 'New Delhi', 'Bhopal', '2023-02-13', '2A', 1400, 240, 0),
(9, 'New Delhi', 'Bhopal', '2023-02-13', '3A', 1100, 960, 0),
(9, 'New Delhi', 'Daund', '2023-01-29', '1A', 2400, 120, 0),
(9, 'New Delhi', 'Daund', '2023-01-29', '2A', 2100, 236, 4),
(9, 'New Delhi', 'Daund', '2023-01-29', '3A', 1650, 960, 0),
(9, 'New Delhi', 'Daund', '2023-02-13', '1A', 2400, 120, 0),
(9, 'New Delhi', 'Daund', '2023-02-13', '2A', 2100, 240, 0),
(9, 'New Delhi', 'Daund', '2023-02-13', '3A', 1650, 960, 0),
(9, 'New Delhi', 'Kalaburgi', '2023-01-29', '1A', 4000, 120, 0),
(9, 'New Delhi', 'Kalaburgi', '2023-01-29', '2A', 3500, 236, 4),
(9, 'New Delhi', 'Kalaburgi', '2023-01-29', '3A', 2600, 960, 0),
(9, 'New Delhi', 'Kalaburgi', '2023-02-13', '1A', 4000, 120, 0),
(9, 'New Delhi', 'Kalaburgi', '2023-02-13', '2A', 3500, 240, 0),
(9, 'New Delhi', 'Kalaburgi', '2023-02-13', '3A', 2600, 960, 0),
(10, 'Agra', 'New Delhi', '2023-01-30', '1A', 1000, 120, 0),
(10, 'Agra', 'New Delhi', '2023-01-30', '2A', 900, 300, 0),
(10, 'Agra', 'New Delhi', '2023-01-30', '3A', 700, 720, 0),
(10, 'Agra', 'New Delhi', '2023-02-14', '1A', 1000, 120, 0),
(10, 'Agra', 'New Delhi', '2023-02-14', '2A', 900, 300, 0),
(10, 'Agra', 'New Delhi', '2023-02-14', '3A', 700, 720, 0),
(10, 'Anantapur', 'Agra', '2023-01-29', '1A', 3000, 120, 0),
(10, 'Anantapur', 'Agra', '2023-01-29', '2A', 2700, 297, 3),
(10, 'Anantapur', 'Agra', '2023-01-29', '3A', 2100, 718, 8),
(10, 'Anantapur', 'Agra', '2023-02-13', '1A', 3000, 120, 0),
(10, 'Anantapur', 'Agra', '2023-02-13', '2A', 2700, 300, 0),
(10, 'Anantapur', 'Agra', '2023-02-13', '3A', 2100, 720, 0),
(10, 'Anantapur', 'Bhopal', '2023-01-29', '1A', 2000, 120, 0),
(10, 'Anantapur', 'Bhopal', '2023-01-29', '2A', 1800, 297, 3),
(10, 'Anantapur', 'Bhopal', '2023-01-29', '3A', 1400, 718, 8),
(10, 'Anantapur', 'Bhopal', '2023-02-13', '1A', 2000, 120, 0),
(10, 'Anantapur', 'Bhopal', '2023-02-13', '2A', 1800, 300, 0),
(10, 'Anantapur', 'Bhopal', '2023-02-13', '3A', 1400, 720, 0),
(10, 'Anantapur', 'Daund', '2023-01-29', '1A', 1000, 120, 0),
(10, 'Anantapur', 'Daund', '2023-01-29', '2A', 900, 297, 3),
(10, 'Anantapur', 'Daund', '2023-01-29', '3A', 700, 718, 8),
(10, 'Anantapur', 'Daund', '2023-02-13', '1A', 1000, 120, 0),
(10, 'Anantapur', 'Daund', '2023-02-13', '2A', 900, 300, 0),
(10, 'Anantapur', 'Daund', '2023-02-13', '3A', 700, 720, 0),
(10, 'Anantapur', 'New Delhi', '2023-01-29', '1A', 4000, 120, 0),
(10, 'Anantapur', 'New Delhi', '2023-01-29', '2A', 3600, 297, 3),
(10, 'Anantapur', 'New Delhi', '2023-01-29', '3A', 2800, 718, 8),
(10, 'Anantapur', 'New Delhi', '2023-02-13', '1A', 4000, 120, 0),
(10, 'Anantapur', 'New Delhi', '2023-02-13', '2A', 3600, 300, 0),
(10, 'Anantapur', 'New Delhi', '2023-02-13', '3A', 2800, 720, 0),
(10, 'Bengaluru', 'Agra', '2023-01-29', '1A', 5000, 120, 0),
(10, 'Bengaluru', 'Agra', '2023-01-29', '2A', 4500, 297, 3),
(10, 'Bengaluru', 'Agra', '2023-01-29', '3A', 3500, 718, 8),
(10, 'Bengaluru', 'Agra', '2023-02-13', '1A', 5000, 120, 0),
(10, 'Bengaluru', 'Agra', '2023-02-13', '2A', 4500, 300, 0),
(10, 'Bengaluru', 'Agra', '2023-02-13', '3A', 3500, 720, 0),
(10, 'Bengaluru', 'Anantapur', '2023-01-29', '1A', 2000, 120, 0),
(10, 'Bengaluru', 'Anantapur', '2023-01-29', '2A', 1800, 297, 3),
(10, 'Bengaluru', 'Anantapur', '2023-01-29', '3A', 1400, 718, 2),
(10, 'Bengaluru', 'Anantapur', '2023-02-13', '1A', 2000, 120, 0),
(10, 'Bengaluru', 'Anantapur', '2023-02-13', '2A', 1800, 300, 0),
(10, 'Bengaluru', 'Anantapur', '2023-02-13', '3A', 1400, 720, 0),
(10, 'Bengaluru', 'Bhopal', '2023-01-29', '1A', 4000, 120, 0),
(10, 'Bengaluru', 'Bhopal', '2023-01-29', '2A', 3600, 297, 3),
(10, 'Bengaluru', 'Bhopal', '2023-01-29', '3A', 2800, 718, 8),
(10, 'Bengaluru', 'Bhopal', '2023-02-13', '1A', 4000, 120, 0),
(10, 'Bengaluru', 'Bhopal', '2023-02-13', '2A', 3600, 300, 0),
(10, 'Bengaluru', 'Bhopal', '2023-02-13', '3A', 2800, 720, 0),
(10, 'Bengaluru', 'Daund', '2023-01-29', '1A', 3000, 120, 0),
(10, 'Bengaluru', 'Daund', '2023-01-29', '2A', 2700, 297, 3),
(10, 'Bengaluru', 'Daund', '2023-01-29', '3A', 2100, 718, 8),
(10, 'Bengaluru', 'Daund', '2023-02-13', '1A', 3000, 120, 0),
(10, 'Bengaluru', 'Daund', '2023-02-13', '2A', 2700, 300, 0),
(10, 'Bengaluru', 'Daund', '2023-02-13', '3A', 2100, 720, 0),
(10, 'Bengaluru', 'Kalaburgi', '2023-01-29', '1A', 1000, 120, 0),
(10, 'Bengaluru', 'Kalaburgi', '2023-01-29', '2A', 900, 297, 3),
(10, 'Bengaluru', 'Kalaburgi', '2023-01-29', '3A', 700, 720, 0),
(10, 'Bengaluru', 'Kalaburgi', '2023-02-13', '1A', 1000, 120, 0),
(10, 'Bengaluru', 'Kalaburgi', '2023-02-13', '2A', 900, 300, 0),
(10, 'Bengaluru', 'Kalaburgi', '2023-02-13', '3A', 700, 720, 0),
(10, 'Bengaluru', 'New Delhi', '2023-01-29', '1A', 6000, 120, 0),
(10, 'Bengaluru', 'New Delhi', '2023-01-29', '2A', 5400, 297, 3),
(10, 'Bengaluru', 'New Delhi', '2023-01-29', '3A', 4200, 718, 8),
(10, 'Bengaluru', 'New Delhi', '2023-02-13', '1A', 6000, 120, 0),
(10, 'Bengaluru', 'New Delhi', '2023-02-13', '2A', 5400, 300, 0),
(10, 'Bengaluru', 'New Delhi', '2023-02-13', '3A', 4200, 720, 0),
(10, 'Bhopal', 'Agra', '2023-01-29', '1A', 1000, 120, 0),
(10, 'Bhopal', 'Agra', '2023-01-29', '2A', 900, 297, 3),
(10, 'Bhopal', 'Agra', '2023-01-29', '3A', 700, 718, 8),
(10, 'Bhopal', 'Agra', '2023-02-13', '1A', 1000, 120, 0),
(10, 'Bhopal', 'Agra', '2023-02-13', '2A', 900, 300, 0),
(10, 'Bhopal', 'Agra', '2023-02-13', '3A', 700, 720, 0),
(10, 'Bhopal', 'New Delhi', '2023-01-29', '1A', 2000, 120, 0),
(10, 'Bhopal', 'New Delhi', '2023-01-29', '2A', 1800, 297, 3),
(10, 'Bhopal', 'New Delhi', '2023-01-29', '3A', 1400, 718, 8),
(10, 'Bhopal', 'New Delhi', '2023-02-13', '1A', 2000, 120, 0),
(10, 'Bhopal', 'New Delhi', '2023-02-13', '2A', 1800, 300, 0),
(10, 'Bhopal', 'New Delhi', '2023-02-13', '3A', 1400, 720, 0),
(10, 'Daund', 'Agra', '2023-01-29', '1A', 2000, 120, 0),
(10, 'Daund', 'Agra', '2023-01-29', '2A', 1800, 297, 3),
(10, 'Daund', 'Agra', '2023-01-29', '3A', 1400, 718, 8),
(10, 'Daund', 'Agra', '2023-02-13', '1A', 2000, 120, 0),
(10, 'Daund', 'Agra', '2023-02-13', '2A', 1800, 300, 0),
(10, 'Daund', 'Agra', '2023-02-13', '3A', 1400, 720, 0),
(10, 'Daund', 'Bhopal', '2023-01-29', '1A', 1000, 120, 0),
(10, 'Daund', 'Bhopal', '2023-01-29', '2A', 900, 297, 3),
(10, 'Daund', 'Bhopal', '2023-01-29', '3A', 700, 718, 8),
(10, 'Daund', 'Bhopal', '2023-02-13', '1A', 1000, 120, 0),
(10, 'Daund', 'Bhopal', '2023-02-13', '2A', 900, 300, 0),
(10, 'Daund', 'Bhopal', '2023-02-13', '3A', 700, 720, 0),
(10, 'Daund', 'New Delhi', '2023-01-29', '1A', 3000, 120, 0),
(10, 'Daund', 'New Delhi', '2023-01-29', '2A', 2700, 297, 3),
(10, 'Daund', 'New Delhi', '2023-01-29', '3A', 2100, 718, 8),
(10, 'Daund', 'New Delhi', '2023-02-13', '1A', 3000, 120, 0),
(10, 'Daund', 'New Delhi', '2023-02-13', '2A', 2700, 300, 0),
(10, 'Daund', 'New Delhi', '2023-02-13', '3A', 2100, 720, 0),
(10, 'Kalaburgi', 'Agra', '2023-01-29', '1A', 4000, 120, 0),
(10, 'Kalaburgi', 'Agra', '2023-01-29', '2A', 3600, 297, 3),
(10, 'Kalaburgi', 'Agra', '2023-01-29', '3A', 2800, 718, 8),
(10, 'Kalaburgi', 'Agra', '2023-02-13', '1A', 4000, 120, 0),
(10, 'Kalaburgi', 'Agra', '2023-02-13', '2A', 3600, 300, 0),
(10, 'Kalaburgi', 'Agra', '2023-02-13', '3A', 2800, 720, 0),
(10, 'Kalaburgi', 'Anantapur', '2023-01-29', '1A', 1000, 120, 0),
(10, 'Kalaburgi', 'Anantapur', '2023-01-29', '2A', 900, 297, 3),
(10, 'Kalaburgi', 'Anantapur', '2023-01-29', '3A', 700, 718, 2),
(10, 'Kalaburgi', 'Anantapur', '2023-02-13', '1A', 1000, 120, 0),
(10, 'Kalaburgi', 'Anantapur', '2023-02-13', '2A', 900, 300, 0),
(10, 'Kalaburgi', 'Anantapur', '2023-02-13', '3A', 700, 720, 0),
(10, 'Kalaburgi', 'Bhopal', '2023-01-29', '1A', 3000, 120, 0),
(10, 'Kalaburgi', 'Bhopal', '2023-01-29', '2A', 2700, 297, 3),
(10, 'Kalaburgi', 'Bhopal', '2023-01-29', '3A', 2100, 718, 8),
(10, 'Kalaburgi', 'Bhopal', '2023-02-13', '1A', 3000, 120, 0),
(10, 'Kalaburgi', 'Bhopal', '2023-02-13', '2A', 2700, 300, 0),
(10, 'Kalaburgi', 'Bhopal', '2023-02-13', '3A', 2100, 720, 0),
(10, 'Kalaburgi', 'Daund', '2023-01-29', '1A', 2000, 120, 0),
(10, 'Kalaburgi', 'Daund', '2023-01-29', '2A', 1800, 297, 3),
(10, 'Kalaburgi', 'Daund', '2023-01-29', '3A', 1400, 718, 8),
(10, 'Kalaburgi', 'Daund', '2023-02-13', '1A', 2000, 120, 0),
(10, 'Kalaburgi', 'Daund', '2023-02-13', '2A', 1800, 300, 0),
(10, 'Kalaburgi', 'Daund', '2023-02-13', '3A', 1400, 720, 0),
(10, 'Kalaburgi', 'New Delhi', '2023-01-29', '1A', 5000, 120, 0),
(10, 'Kalaburgi', 'New Delhi', '2023-01-29', '2A', 4500, 297, 3),
(10, 'Kalaburgi', 'New Delhi', '2023-01-29', '3A', 3500, 718, 8),
(10, 'Kalaburgi', 'New Delhi', '2023-02-13', '1A', 5000, 120, 0),
(10, 'Kalaburgi', 'New Delhi', '2023-02-13', '2A', 4500, 300, 0),
(10, 'Kalaburgi', 'New Delhi', '2023-02-13', '3A', 3500, 720, 0),
(11, 'Bengaluru', 'Castle Rock', '2023-01-29', '1A', 4400, 80, 0),
(11, 'Bengaluru', 'Castle Rock', '2023-01-29', '2A', 4000, 150, 6),
(11, 'Bengaluru', 'Castle Rock', '2023-01-29', '3A', 3200, 840, 0),
(11, 'Bengaluru', 'Castle Rock', '2023-02-13', '1A', 4400, 80, 0),
(11, 'Bengaluru', 'Castle Rock', '2023-02-13', '2A', 4000, 150, 0),
(11, 'Bengaluru', 'Castle Rock', '2023-02-13', '3A', 3200, 840, 0),
(11, 'Bengaluru', 'Davangere', '2023-01-29', '1A', 2200, 80, 0),
(11, 'Bengaluru', 'Davangere', '2023-01-29', '2A', 2000, 150, 6),
(11, 'Bengaluru', 'Davangere', '2023-01-29', '3A', 1600, 840, 0),
(11, 'Bengaluru', 'Davangere', '2023-02-13', '1A', 2200, 80, 0),
(11, 'Bengaluru', 'Davangere', '2023-02-13', '2A', 2000, 150, 0),
(11, 'Bengaluru', 'Davangere', '2023-02-13', '3A', 1600, 840, 0),
(11, 'Bengaluru', 'Goa', '2023-01-29', '1A', 5500, 80, 0),
(11, 'Bengaluru', 'Goa', '2023-01-29', '2A', 5000, 150, 6),
(11, 'Bengaluru', 'Goa', '2023-01-29', '3A', 4000, 840, 0),
(11, 'Bengaluru', 'Goa', '2023-02-13', '1A', 5500, 80, 0),
(11, 'Bengaluru', 'Goa', '2023-02-13', '2A', 5000, 150, 0),
(11, 'Bengaluru', 'Goa', '2023-02-13', '3A', 4000, 840, 0),
(11, 'Bengaluru', 'Hubbali', '2023-01-29', '1A', 3300, 80, 0),
(11, 'Bengaluru', 'Hubbali', '2023-01-29', '2A', 3000, 150, 6),
(11, 'Bengaluru', 'Hubbali', '2023-01-29', '3A', 2400, 840, 0),
(11, 'Bengaluru', 'Hubbali', '2023-02-13', '1A', 3300, 80, 0),
(11, 'Bengaluru', 'Hubbali', '2023-02-13', '2A', 3000, 150, 0),
(11, 'Bengaluru', 'Hubbali', '2023-02-13', '3A', 2400, 840, 0),
(11, 'Bengaluru', 'Tumkur', '2023-01-29', '1A', 1100, 80, 0),
(11, 'Bengaluru', 'Tumkur', '2023-01-29', '2A', 1000, 150, 6),
(11, 'Bengaluru', 'Tumkur', '2023-01-29', '3A', 800, 840, 0),
(11, 'Bengaluru', 'Tumkur', '2023-02-13', '1A', 1100, 80, 0),
(11, 'Bengaluru', 'Tumkur', '2023-02-13', '2A', 1000, 150, 0),
(11, 'Bengaluru', 'Tumkur', '2023-02-13', '3A', 800, 840, 0),
(11, 'Castle Rock', 'Goa', '2023-01-30', '1A', 1100, 80, 0),
(11, 'Castle Rock', 'Goa', '2023-01-30', '2A', 1000, 150, 0),
(11, 'Castle Rock', 'Goa', '2023-01-30', '3A', 800, 840, 0),
(11, 'Castle Rock', 'Goa', '2023-02-14', '1A', 1100, 80, 0),
(11, 'Castle Rock', 'Goa', '2023-02-14', '2A', 1000, 150, 0),
(11, 'Castle Rock', 'Goa', '2023-02-14', '3A', 800, 840, 0),
(11, 'Davangere', 'Castle Rock', '2023-01-30', '1A', 2200, 80, 0),
(11, 'Davangere', 'Castle Rock', '2023-01-30', '2A', 2000, 150, 0),
(11, 'Davangere', 'Castle Rock', '2023-01-30', '3A', 1600, 840, 0),
(11, 'Davangere', 'Castle Rock', '2023-02-14', '1A', 2200, 80, 0),
(11, 'Davangere', 'Castle Rock', '2023-02-14', '2A', 2000, 150, 0),
(11, 'Davangere', 'Castle Rock', '2023-02-14', '3A', 1600, 840, 0),
(11, 'Davangere', 'Goa', '2023-01-30', '1A', 3300, 80, 0),
(11, 'Davangere', 'Goa', '2023-01-30', '2A', 3000, 150, 0),
(11, 'Davangere', 'Goa', '2023-01-30', '3A', 2400, 840, 0),
(11, 'Davangere', 'Goa', '2023-02-14', '1A', 3300, 80, 0),
(11, 'Davangere', 'Goa', '2023-02-14', '2A', 3000, 150, 0),
(11, 'Davangere', 'Goa', '2023-02-14', '3A', 2400, 840, 0),
(11, 'Davangere', 'Hubbali', '2023-01-30', '1A', 1100, 80, 0),
(11, 'Davangere', 'Hubbali', '2023-01-30', '2A', 1000, 150, 0),
(11, 'Davangere', 'Hubbali', '2023-01-30', '3A', 800, 840, 0),
(11, 'Davangere', 'Hubbali', '2023-02-14', '1A', 1100, 80, 0),
(11, 'Davangere', 'Hubbali', '2023-02-14', '2A', 1000, 150, 0),
(11, 'Davangere', 'Hubbali', '2023-02-14', '3A', 800, 840, 0),
(11, 'Hubbali', 'Castle Rock', '2023-01-30', '1A', 1100, 80, 0),
(11, 'Hubbali', 'Castle Rock', '2023-01-30', '2A', 1000, 150, 0),
(11, 'Hubbali', 'Castle Rock', '2023-01-30', '3A', 800, 840, 0),
(11, 'Hubbali', 'Castle Rock', '2023-02-14', '1A', 1100, 80, 0),
(11, 'Hubbali', 'Castle Rock', '2023-02-14', '2A', 1000, 150, 0),
(11, 'Hubbali', 'Castle Rock', '2023-02-14', '3A', 800, 840, 0),
(11, 'Hubbali', 'Goa', '2023-01-30', '1A', 2200, 80, 0),
(11, 'Hubbali', 'Goa', '2023-01-30', '2A', 2000, 150, 0),
(11, 'Hubbali', 'Goa', '2023-01-30', '3A', 1600, 840, 0),
(11, 'Hubbali', 'Goa', '2023-02-14', '1A', 2200, 80, 0),
(11, 'Hubbali', 'Goa', '2023-02-14', '2A', 2000, 150, 0),
(11, 'Hubbali', 'Goa', '2023-02-14', '3A', 1600, 840, 0),
(11, 'Tumkur', 'Castle Rock', '2023-01-29', '1A', 3300, 80, 0),
(11, 'Tumkur', 'Castle Rock', '2023-01-29', '2A', 3000, 150, 6),
(11, 'Tumkur', 'Castle Rock', '2023-01-29', '3A', 2400, 840, 0),
(11, 'Tumkur', 'Castle Rock', '2023-02-13', '1A', 3300, 80, 0),
(11, 'Tumkur', 'Castle Rock', '2023-02-13', '2A', 3000, 150, 0),
(11, 'Tumkur', 'Castle Rock', '2023-02-13', '3A', 2400, 840, 0),
(11, 'Tumkur', 'Davangere', '2023-01-29', '1A', 1100, 80, 0),
(11, 'Tumkur', 'Davangere', '2023-01-29', '2A', 1000, 150, 6),
(11, 'Tumkur', 'Davangere', '2023-01-29', '3A', 800, 840, 0),
(11, 'Tumkur', 'Davangere', '2023-02-13', '1A', 1100, 80, 0),
(11, 'Tumkur', 'Davangere', '2023-02-13', '2A', 1000, 150, 0),
(11, 'Tumkur', 'Davangere', '2023-02-13', '3A', 800, 840, 0),
(11, 'Tumkur', 'Goa', '2023-01-29', '1A', 4400, 80, 0),
(11, 'Tumkur', 'Goa', '2023-01-29', '2A', 4000, 150, 6),
(11, 'Tumkur', 'Goa', '2023-01-29', '3A', 3200, 840, 0),
(11, 'Tumkur', 'Goa', '2023-02-13', '1A', 4400, 80, 0),
(11, 'Tumkur', 'Goa', '2023-02-13', '2A', 4000, 150, 0),
(11, 'Tumkur', 'Goa', '2023-02-13', '3A', 3200, 840, 0),
(11, 'Tumkur', 'Hubbali', '2023-01-29', '1A', 2200, 80, 0),
(11, 'Tumkur', 'Hubbali', '2023-01-29', '2A', 2000, 150, 6),
(11, 'Tumkur', 'Hubbali', '2023-01-29', '3A', 1600, 840, 0),
(11, 'Tumkur', 'Hubbali', '2023-02-13', '1A', 2200, 80, 0),
(11, 'Tumkur', 'Hubbali', '2023-02-13', '2A', 2000, 150, 0),
(11, 'Tumkur', 'Hubbali', '2023-02-13', '3A', 1600, 840, 0);

--
-- Triggers `classseats`
--
DELIMITER $$
CREATE TRIGGER `add_classseats` BEFORE INSERT ON `classseats` FOR EACH ROW begin
        if datediff(new.journey_date,curdate())<0 then
            SIGNAL SQLSTATE '45000' 
            SET MESSAGE_TEXT = 'Booking Date can not be earlier than current date';
        end if;
        if new.available_seats<=0 then 
            SIGNAL SQLSTATE '45000'
            SET MESSAGE_TEXT = 'Number Of Seats you are looking for are not available at momemnt';
        end if;
        if new.ticket_fare1<=0 then 
            SIGNAL SQLSTATE '45000'
            SET MESSAGE_TEXT = 'Ticket Fare can not be less than or equal to zero';
        end if;
        
    end
$$
DELIMITER ;
DELIMITER $$
CREATE TRIGGER `update_classseats` BEFORE UPDATE ON `classseats` FOR EACH ROW begin
            if datediff(curdate(),new.journey_date)>0 then
                SIGNAL SQLSTATE '45000'
                SET MESSAGE_TEXT = 'Booking Date can not be earlier than current date';
            end if;
            if new.ticket_fare1<=0 then 
                SIGNAL SQLSTATE '45000'
                SET MESSAGE_TEXT = 'Ticket Fare can not be less than or equal to zero';
            end if;
            if new.available_seats<=0 then 
                SIGNAL SQLSTATE '45000'
                SET MESSAGE_TEXT = 'Number Of Seats you are looking for are not available at momemnt';
            end if;
        end
$$
DELIMITER ;

-- --------------------------------------------------------

--
-- Table structure for table `passenger_details`
--

CREATE TABLE `passenger_details` (
  `pnr_number` int(11) NOT NULL,
  `passenger_name` varchar(50) NOT NULL COMMENT 'PASSENGER_NAME',
  `passenger_age` int(11) NOT NULL COMMENT 'PASSENGER_AGE',
  `passenger_gender` varchar(10) NOT NULL COMMENT 'PASSENGER GENDER',
  `ticket_coach` varchar(10) NOT NULL COMMENT 'TICKET COACH',
  `seat_number` int(11) NOT NULL COMMENT 'SEAT NUMBER',
  `berth` varchar(30) NOT NULL COMMENT 'BERTH'
) ENGINE=InnoDB DEFAULT CHARSET=latin1;

--
-- Dumping data for table `passenger_details`
--

INSERT INTO `passenger_details` (`pnr_number`, `passenger_name`, `passenger_age`, `passenger_gender`, `ticket_coach`, `seat_number`, `berth`) VALUES
(1, 'Chandan', 21, 'M', 'S1', 1, 'LOWER BERTH'),
(1, 'Varun', 22, 'M', 'S1', 2, 'MIDDLE BERTH'),
(2, 'Chaitra', 22, 'F', 'B1', 1, 'LOWER BERTH'),
(3, 'Shalini', 20, 'F', 'H1', 1, 'LOWER BERTH'),
(3, 'Sumalatha', 21, 'F', 'H1', 2, 'UPPER BERTH'),
(4, 'Yashwin', 21, 'M', 'S1', 1, 'LOWER BERTH'),
(4, 'Kiran', 22, 'M', 'S1', 2, 'MIDDLE BERTH'),
(5, 'Bhargav', 20, 'M', 'D1', 1, 'WINDOW SEAT'),
(5, 'Chandan', 25, 'M', 'D1', 2, 'MIDDLE SEAT'),
(6, 'Varun', 21, 'M', 'C1', 1, 'WINDOW SEAT'),
(6, 'Yashwin', 20, 'M', 'C1', 2, 'MIDDLE SEAT'),
(7, 'Chaitra', 21, 'F', 'D1', 11, 'MIDDLE SEAT'),
(8, 'Shalini ', 22, 'F', 'D1', 12, 'WINDOW SEAT'),
(9, 'Dhanush', 22, 'M', 'S1', 1, 'LOWER BERTH'),
(10, 'Vandana', 22, 'F', 'B1', 1, 'LOWER BERTH'),
(11, 'Chaitra', 30, 'F', 'D1', 1, 'WINDOW SEAT');

--
-- Triggers `passenger_details`
--
DELIMITER $$
CREATE TRIGGER `add_passenger_details` BEFORE INSERT ON `passenger_details` FOR EACH ROW begin
            if new.passenger_gender NOT IN ('M','F','O') then
                SIGNAL SQLSTATE '45000'
                SET MESSAGE_TEXT = 'Enter M:Male F:Female O:Others';
            end if;
        end
$$
DELIMITER ;
DELIMITER $$
CREATE TRIGGER `update_passenger_details` BEFORE UPDATE ON `passenger_details` FOR EACH ROW begin
            if new.passenger_gender NOT IN ('M','F','O') then
                SIGNAL SQLSTATE '45000'
                SET MESSAGE_TEXT = 'Enter M:Male F:Female O:Others';
            end if;
        end
$$
DELIMITER ;

-- --------------------------------------------------------

--
-- Table structure for table `reservation`
--

CREATE TABLE `reservation` (
  `pnr_number` int(11) NOT NULL,
  `user_id` int(11) NOT NULL,
  `train_number` int(11) NOT NULL,
  `start_point` varchar(50) NOT NULL,
  `destination_point` varchar(50) NOT NULL,
  `journey_date` date NOT NULL,
  `ticket_fare1` int(11) NOT NULL COMMENT 'Ticket_Cost',
  `class_name` varchar(50) NOT NULL,
  `number_of_seats` int(11) NOT NULL COMMENT 'Ticket Count',
  `ticket_status` varchar(50) NOT NULL,
  `quota` varchar(50) NOT NULL DEFAULT 'GENERAL'
) ENGINE=InnoDB DEFAULT CHARSET=latin1;

--
-- Dumping data for table `reservation`
--

INSERT INTO `reservation` (`pnr_number`, `user_id`, `train_number`, `start_point`, `destination_point`, `journey_date`, `ticket_fare1`, `class_name`, `number_of_seats`, `ticket_status`, `quota`) VALUES
(1, 1, 1, 'Bengaluru', 'Mangaluru', '2023-02-13', 1800, 'SL', 2, 'BOOKED', 'GENERAL'),
(2, 1, 2, 'Bengaluru', 'Kolkata', '2023-02-04', 1800, '3A', 1, 'BOOKED', 'GENERAL'),
(3, 1, 3, 'Bengaluru', 'Mumbai', '2023-02-03', 1240, '1A', 2, 'BOOKED', 'GENERAL'),
(4, 1, 4, 'Bengaluru', 'Anantapur', '2023-02-13', 1200, 'SL', 2, 'BOOKED', 'GENERAL'),
(6, 2, 6, 'Tumkur', 'Hubbali', '2023-02-04', 1200, 'CC', 2, 'BOOKED', 'GENERAL'),
(7, 2, 5, 'Tumkur', 'Shivamogga', '2023-01-30', 220, '2S', 1, 'BOOKED', 'GENERAL'),
(8, 2, 5, 'Tumkur', 'Birur', '2023-01-30', 100, '2S', 1, 'CANCELLED', 'GENERAL'),
(9, 3, 3, 'Bengaluru', 'Hindupur', '2023-01-29', 250, 'SL', 1, 'BOOKED', 'GENERAL'),
(10, 3, 4, 'Doddaballapura', 'Anantapur', '2023-01-30', 1400, '3A', 1, 'BOOKED', 'GENERAL'),
(11, 3, 5, 'Bengaluru', 'Shivamogga', '2023-02-13', 220, '2S', 1, 'CANCELLED', 'GENERAL');

--
-- Triggers `reservation`
--
DELIMITER $$
CREATE TRIGGER `add_reservation` BEFORE INSERT ON `reservation` FOR EACH ROW begin
            if new.ticket_fare1<0 then
                SIGNAL SQLSTATE '45000'
                SET MESSAGE_TEXT = 'Ticket Fare can not have value less than zero';
            end if;
            if new.number_of_seats<=0 then
                SIGNAL SQLSTATE '45000'
                SET MESSAGE_TEXT = 'Number Of Seats you are booking can not be less than zero';
            end if;
            if (select available_seats from classseats where train_number=new.train_number AND class_name=new.class_name AND journey_date=new.journey_date AND start_point=new.start_point AND destination_point=new.destination_point) < new.number_of_seats then 
                SIGNAL SQLSTATE '45000'
                SET MESSAGE_TEXT = 'Number Of Seats You are looking for are not available at the momemnt.Sorry for inconvinience';
            end if;
            if datediff(new.journey_date,curdate())<0 then
                SIGNAL SQLSTATE '45000'
                SET MESSAGE_TEXT = 'Journey Date can not smaller than current date';
            end if;
                SET new.ticket_status='BOOKED';
            end
$$
DELIMITER ;
DELIMITER $$
CREATE TRIGGER `update_reservation` BEFORE UPDATE ON `reservation` FOR EACH ROW begin
            if new.ticket_fare1<0 then
                SIGNAL SQLSTATE '45000'
                SET MESSAGE_TEXT = 'Ticket Fare can not have value less than zero';
            end if;
            if new.number_of_seats<=0 then
                SIGNAL SQLSTATE '45000'
                SET MESSAGE_TEXT = 'Number Of Seats you are booking can not be less than zero';
            end if;
            if (select available_seats from classseats where train_number=new.train_number AND class_name=new.class_name AND journey_date=new.journey_date AND start_point=new.start_point AND destination_point=new.destination_point) < new.number_of_seats then 
                SIGNAL SQLSTATE '45000'
                SET MESSAGE_TEXT = 'Journey Date can not smaller than current date';
            end if;
        end
$$
DELIMITER ;
DELIMITER $$
CREATE TRIGGER `update_reservation_later` AFTER UPDATE ON `reservation` FOR EACH ROW begin
            if (new.ticket_status='CANCELLED' AND datediff(new.journey_date,curdate())<0 ) then
                SIGNAL SQLSTATE '45000'
                SET MESSAGE_TEXT = 'You can not cancel ticket of the journey that you have completed';
            end if;
            if (new.ticket_status='CANCELLED' AND datediff(new.journey_date,curdate())>=0 )then
                if datediff(new.journey_date,curdate())>=10 then 
                    INSERT INTO cancel_ticket values (new.pnr_number,new.ticket_fare1);
                end if;
                if (datediff(new.journey_date,curdate())<10) and (datediff(new.journey_date,curdate())>2) then 
                    INSERT INTO cancel_ticket values (new.pnr_number,0.2*new.ticket_fare1);
                end if;
                if datediff(new.journey_date,curdate())<=2 then 
                    INSERT INTO cancel_ticket values (new.pnr_number,0.5*new.ticket_fare1);
                end if;
            end if;
        end
$$
DELIMITER ;

-- --------------------------------------------------------

--
-- Table structure for table `station_details`
--

CREATE TABLE `station_details` (
  `station_id` int(11) NOT NULL,
  `station_name` varchar(50) NOT NULL
) ENGINE=InnoDB DEFAULT CHARSET=latin1;

--
-- Dumping data for table `station_details`
--

INSERT INTO `station_details` (`station_id`, `station_name`) VALUES
(1, 'Bengaluru'),
(2, 'New Delhi'),
(3, 'Anantapur'),
(4, 'Kalaburgi'),
(5, 'Daund'),
(6, 'Bhopal'),
(7, 'Agra'),
(8, 'Hindupur'),
(9, 'Raichur'),
(10, 'Solapur'),
(11, 'Pune'),
(12, 'Mumbai'),
(13, 'Vijaywada'),
(14, 'Bubaneshwara'),
(15, 'Kolkata'),
(16, 'Mysuru'),
(17, 'Hassan'),
(18, 'Mangaluru'),
(19, 'Bangarpet'),
(20, 'Katpadi'),
(21, 'Chennai'),
(22, 'Tumkur'),
(23, 'Davangere'),
(24, 'Hubbali'),
(25, 'Castle Rock'),
(26, 'Goa'),
(27, 'Doddaballapura'),
(28, 'Kurnool'),
(29, 'Hyderabad'),
(30, 'Birur'),
(31, 'Shivamogga');

-- --------------------------------------------------------

--
-- Table structure for table `tatkal_seats`
--

CREATE TABLE `tatkal_seats` (
  `train_number` int(11) NOT NULL,
  `start_point` varchar(50) NOT NULL COMMENT 'Starting_Point',
  `destination_point` varchar(50) NOT NULL COMMENT 'Destination_Point',
  `journey_date` date NOT NULL,
  `class_name` varchar(10) NOT NULL,
  `ticket_fare1` int(11) NOT NULL COMMENT 'Ticket_fare',
  `available_seats` int(11) NOT NULL,
  `booked_seats` int(11) NOT NULL DEFAULT 0
) ENGINE=InnoDB DEFAULT CHARSET=latin1;

--
-- Dumping data for table `tatkal_seats`
--

INSERT INTO `tatkal_seats` (`train_number`, `start_point`, `destination_point`, `journey_date`, `class_name`, `ticket_fare1`, `available_seats`, `booked_seats`) VALUES
(1, 'Bengaluru', 'Hassan', '2023-01-29', '1A', 2000, 46, 4),
(1, 'Bengaluru', 'Hassan', '2023-01-29', '2A', 1800, 100, 0),
(1, 'Bengaluru', 'Hassan', '2023-01-29', '2S', 110, 300, 0),
(1, 'Bengaluru', 'Hassan', '2023-01-29', '3A', 1600, 142, 17),
(1, 'Bengaluru', 'Hassan', '2023-01-29', 'SL', 600, 300, 0),
(1, 'Bengaluru', 'Hassan', '2023-01-30', '1A', 2000, 50, 0),
(1, 'Bengaluru', 'Hassan', '2023-01-30', '2A', 1800, 100, 0),
(1, 'Bengaluru', 'Hassan', '2023-01-30', '2S', 110, 300, 0),
(1, 'Bengaluru', 'Hassan', '2023-01-30', '3A', 1600, 150, 0),
(1, 'Bengaluru', 'Hassan', '2023-01-30', 'SL', 600, 300, 0),
(1, 'Bengaluru', 'Hassan', '2023-02-03', '1A', 1600, 40, 0),
(1, 'Bengaluru', 'Hassan', '2023-02-03', '2A', 1400, 30, 0),
(1, 'Bengaluru', 'Hassan', '2023-02-03', '2S', 50, 120, 0),
(1, 'Bengaluru', 'Hassan', '2023-02-03', '3A', 1200, 40, 0),
(1, 'Bengaluru', 'Hassan', '2023-02-03', 'SL', 800, 80, 0),
(1, 'Bengaluru', 'Hassan', '2023-02-04', '1A', 1800, 40, 0),
(1, 'Bengaluru', 'Hassan', '2023-02-04', '2A', 1600, 40, 0),
(1, 'Bengaluru', 'Hassan', '2023-02-04', '2S', 50, 120, 0),
(1, 'Bengaluru', 'Hassan', '2023-02-04', '3A', 1200, 30, 0),
(1, 'Bengaluru', 'Hassan', '2023-02-04', 'SL', 300, 80, 0),
(1, 'Bengaluru', 'Hassan', '2023-02-13', '1A', 2000, 50, 0),
(1, 'Bengaluru', 'Hassan', '2023-02-13', '2A', 1800, 100, 0),
(1, 'Bengaluru', 'Hassan', '2023-02-13', '2S', 110, 300, 0),
(1, 'Bengaluru', 'Hassan', '2023-02-13', '3A', 1600, 150, 0),
(1, 'Bengaluru', 'Hassan', '2023-02-13', 'SL', 600, 300, 0),
(1, 'Bengaluru', 'Mangaluru', '2023-01-29', '1A', 3000, 56, 4),
(1, 'Bengaluru', 'Mangaluru', '2023-01-29', '2A', 2700, 120, 0),
(1, 'Bengaluru', 'Mangaluru', '2023-01-29', '2S', 120, 360, 0),
(1, 'Bengaluru', 'Mangaluru', '2023-01-29', '3A', 2400, 172, 17),
(1, 'Bengaluru', 'Mangaluru', '2023-01-29', 'SL', 900, 360, 0),
(1, 'Bengaluru', 'Mangaluru', '2023-01-30', '1A', 3000, 60, 0),
(1, 'Bengaluru', 'Mangaluru', '2023-01-30', '2A', 2700, 120, 0),
(1, 'Bengaluru', 'Mangaluru', '2023-01-30', '2S', 120, 360, 0),
(1, 'Bengaluru', 'Mangaluru', '2023-01-30', '3A', 2400, 180, 0),
(1, 'Bengaluru', 'Mangaluru', '2023-01-30', 'SL', 900, 360, 0),
(1, 'Bengaluru', 'Mangaluru', '2023-02-03', '1A', 2400, 40, 0),
(1, 'Bengaluru', 'Mangaluru', '2023-02-03', '2A', 2100, 30, 0),
(1, 'Bengaluru', 'Mangaluru', '2023-02-03', '2S', 50, 120, 0),
(1, 'Bengaluru', 'Mangaluru', '2023-02-03', '3A', 1800, 40, 0),
(1, 'Bengaluru', 'Mangaluru', '2023-02-03', 'SL', 800, 80, 0),
(1, 'Bengaluru', 'Mangaluru', '2023-02-04', '1A', 2700, 40, 0),
(1, 'Bengaluru', 'Mangaluru', '2023-02-04', '2A', 2400, 40, 0),
(1, 'Bengaluru', 'Mangaluru', '2023-02-04', '2S', 50, 120, 0),
(1, 'Bengaluru', 'Mangaluru', '2023-02-04', '3A', 1800, 30, 0),
(1, 'Bengaluru', 'Mangaluru', '2023-02-04', 'SL', 400, 80, 0),
(1, 'Bengaluru', 'Mangaluru', '2023-02-13', '1A', 3000, 60, 0),
(1, 'Bengaluru', 'Mangaluru', '2023-02-13', '2A', 2700, 120, 0),
(1, 'Bengaluru', 'Mangaluru', '2023-02-13', '2S', 120, 360, 0),
(1, 'Bengaluru', 'Mangaluru', '2023-02-13', '3A', 2400, 180, 0),
(1, 'Bengaluru', 'Mangaluru', '2023-02-13', 'SL', 900, 360, 0),
(1, 'Bengaluru', 'Mysuru', '2023-01-29', '1A', 1000, 36, 4),
(1, 'Bengaluru', 'Mysuru', '2023-01-29', '2A', 900, 80, 0),
(1, 'Bengaluru', 'Mysuru', '2023-01-29', '2S', 100, 240, 0),
(1, 'Bengaluru', 'Mysuru', '2023-01-29', '3A', 800, 120, 6),
(1, 'Bengaluru', 'Mysuru', '2023-01-29', 'SL', 300, 240, 0),
(1, 'Bengaluru', 'Mysuru', '2023-01-30', '1A', 1000, 40, 0),
(1, 'Bengaluru', 'Mysuru', '2023-01-30', '2A', 900, 80, 0),
(1, 'Bengaluru', 'Mysuru', '2023-01-30', '2S', 100, 240, 0),
(1, 'Bengaluru', 'Mysuru', '2023-01-30', '3A', 800, 120, 0),
(1, 'Bengaluru', 'Mysuru', '2023-01-30', 'SL', 300, 240, 0),
(1, 'Bengaluru', 'Mysuru', '2023-02-03', '1A', 800, 52, 0),
(1, 'Bengaluru', 'Mysuru', '2023-02-03', '2A', 700, 30, 0),
(1, 'Bengaluru', 'Mysuru', '2023-02-03', '2S', 50, 120, 0),
(1, 'Bengaluru', 'Mysuru', '2023-02-03', '3A', 600, 40, 0),
(1, 'Bengaluru', 'Mysuru', '2023-02-03', 'SL', 400, 80, 0),
(1, 'Bengaluru', 'Mysuru', '2023-02-04', '1A', 900, 40, 0),
(1, 'Bengaluru', 'Mysuru', '2023-02-04', '2A', 800, 40, 0),
(1, 'Bengaluru', 'Mysuru', '2023-02-04', '2S', 50, 120, 0),
(1, 'Bengaluru', 'Mysuru', '2023-02-04', '3A', 800, 20, 0),
(1, 'Bengaluru', 'Mysuru', '2023-02-04', 'SL', 200, 80, 0),
(1, 'Bengaluru', 'Mysuru', '2023-02-13', '1A', 1000, 40, 0),
(1, 'Bengaluru', 'Mysuru', '2023-02-13', '2A', 900, 80, 0),
(1, 'Bengaluru', 'Mysuru', '2023-02-13', '2S', 100, 240, 0),
(1, 'Bengaluru', 'Mysuru', '2023-02-13', '3A', 800, 120, 0),
(1, 'Bengaluru', 'Mysuru', '2023-02-13', 'SL', 300, 240, 0),
(1, 'Hassan', 'Mangaluru', '2023-01-29', '1A', 1000, 86, 4),
(1, 'Hassan', 'Mangaluru', '2023-01-29', '2A', 2700, 180, 0),
(1, 'Hassan', 'Mangaluru', '2023-01-29', '2S', 150, 380, 0),
(1, 'Hassan', 'Mangaluru', '2023-01-29', '3A', 2400, 265, 11),
(1, 'Hassan', 'Mangaluru', '2023-01-29', 'SL', 300, 380, 0),
(1, 'Hassan', 'Mangaluru', '2023-01-30', '1A', 1000, 90, 0),
(1, 'Hassan', 'Mangaluru', '2023-01-30', '2A', 2700, 180, 0),
(1, 'Hassan', 'Mangaluru', '2023-01-30', '2S', 150, 380, 0),
(1, 'Hassan', 'Mangaluru', '2023-01-30', '3A', 2400, 270, 0),
(1, 'Hassan', 'Mangaluru', '2023-01-30', 'SL', 300, 380, 0),
(1, 'Hassan', 'Mangaluru', '2023-02-03', '1A', 800, 40, 0),
(1, 'Hassan', 'Mangaluru', '2023-02-03', '2A', 700, 30, 0),
(1, 'Hassan', 'Mangaluru', '2023-02-03', '2S', 50, 120, 0),
(1, 'Hassan', 'Mangaluru', '2023-02-03', '3A', 1800, 40, 0),
(1, 'Hassan', 'Mangaluru', '2023-02-03', 'SL', 800, 80, 0),
(1, 'Hassan', 'Mangaluru', '2023-02-04', '1A', 900, 40, 0),
(1, 'Hassan', 'Mangaluru', '2023-02-04', '2A', 800, 40, 0),
(1, 'Hassan', 'Mangaluru', '2023-02-04', '2S', 50, 120, 0),
(1, 'Hassan', 'Mangaluru', '2023-02-04', '3A', 820, 30, 0),
(1, 'Hassan', 'Mangaluru', '2023-02-04', 'SL', 400, 80, 0),
(1, 'Hassan', 'Mangaluru', '2023-02-13', '1A', 1000, 90, 0),
(1, 'Hassan', 'Mangaluru', '2023-02-13', '2A', 2700, 180, 0),
(1, 'Hassan', 'Mangaluru', '2023-02-13', '2S', 150, 380, 0),
(1, 'Hassan', 'Mangaluru', '2023-02-13', '3A', 2400, 270, 0),
(1, 'Hassan', 'Mangaluru', '2023-02-13', 'SL', 300, 380, 0),
(1, 'Mysuru', 'Hassan', '2023-01-29', '1A', 1000, 66, 4),
(1, 'Mysuru', 'Hassan', '2023-01-29', '2A', 900, 140, 0),
(1, 'Mysuru', 'Hassan', '2023-01-29', '2S', 130, 320, 0),
(1, 'Mysuru', 'Hassan', '2023-01-29', '3A', 800, 202, 17),
(1, 'Mysuru', 'Hassan', '2023-01-29', 'SL', 300, 320, 0),
(1, 'Mysuru', 'Hassan', '2023-01-30', '1A', 1000, 70, 0),
(1, 'Mysuru', 'Hassan', '2023-01-30', '2A', 900, 140, 0),
(1, 'Mysuru', 'Hassan', '2023-01-30', '2S', 130, 320, 0),
(1, 'Mysuru', 'Hassan', '2023-01-30', '3A', 800, 210, 0),
(1, 'Mysuru', 'Hassan', '2023-01-30', 'SL', 300, 320, 0),
(1, 'Mysuru', 'Hassan', '2023-02-03', '1A', 800, 40, 0),
(1, 'Mysuru', 'Hassan', '2023-02-03', '2A', 700, 30, 0),
(1, 'Mysuru', 'Hassan', '2023-02-03', '2S', 50, 120, 0),
(1, 'Mysuru', 'Hassan', '2023-02-03', '3A', 600, 40, 0),
(1, 'Mysuru', 'Hassan', '2023-02-03', 'SL', 800, 80, 0),
(1, 'Mysuru', 'Hassan', '2023-02-04', '1A', 900, 40, 0),
(1, 'Mysuru', 'Hassan', '2023-02-04', '2A', 800, 40, 0),
(1, 'Mysuru', 'Hassan', '2023-02-04', '2S', 50, 120, 0),
(1, 'Mysuru', 'Hassan', '2023-02-04', '3A', 300, 30, 0),
(1, 'Mysuru', 'Hassan', '2023-02-04', 'SL', 200, 80, 0),
(1, 'Mysuru', 'Hassan', '2023-02-13', '1A', 1000, 70, 0),
(1, 'Mysuru', 'Hassan', '2023-02-13', '2A', 900, 140, 0),
(1, 'Mysuru', 'Hassan', '2023-02-13', '2S', 130, 320, 0),
(1, 'Mysuru', 'Hassan', '2023-02-13', '3A', 800, 210, 0),
(1, 'Mysuru', 'Hassan', '2023-02-13', 'SL', 300, 320, 0),
(1, 'Mysuru', 'Mangaluru', '2023-01-29', '1A', 2000, 76, 4),
(1, 'Mysuru', 'Mangaluru', '2023-01-29', '2A', 1800, 160, 0),
(1, 'Mysuru', 'Mangaluru', '2023-01-29', '2S', 140, 340, 0),
(1, 'Mysuru', 'Mangaluru', '2023-01-29', '3A', 1600, 232, 17),
(1, 'Mysuru', 'Mangaluru', '2023-01-29', 'SL', 600, 340, 0),
(1, 'Mysuru', 'Mangaluru', '2023-01-30', '1A', 2000, 80, 0),
(1, 'Mysuru', 'Mangaluru', '2023-01-30', '2A', 1800, 160, 0),
(1, 'Mysuru', 'Mangaluru', '2023-01-30', '2S', 140, 340, 0),
(1, 'Mysuru', 'Mangaluru', '2023-01-30', '3A', 1600, 240, 0),
(1, 'Mysuru', 'Mangaluru', '2023-01-30', 'SL', 600, 340, 0),
(1, 'Mysuru', 'Mangaluru', '2023-02-03', '1A', 800, 40, 0),
(1, 'Mysuru', 'Mangaluru', '2023-02-03', '2A', 1400, 30, 0),
(1, 'Mysuru', 'Mangaluru', '2023-02-03', '2S', 50, 120, 0),
(1, 'Mysuru', 'Mangaluru', '2023-02-03', '3A', 1200, 40, 0),
(1, 'Mysuru', 'Mangaluru', '2023-02-03', 'SL', 800, 80, 0),
(1, 'Mysuru', 'Mangaluru', '2023-02-04', '1A', 1800, 40, 0),
(1, 'Mysuru', 'Mangaluru', '2023-02-04', '2A', 1600, 40, 0),
(1, 'Mysuru', 'Mangaluru', '2023-02-04', '2S', 50, 120, 0),
(1, 'Mysuru', 'Mangaluru', '2023-02-04', '3A', 500, 30, 0),
(1, 'Mysuru', 'Mangaluru', '2023-02-04', 'SL', 300, 80, 0),
(1, 'Mysuru', 'Mangaluru', '2023-02-13', '1A', 2000, 80, 0),
(1, 'Mysuru', 'Mangaluru', '2023-02-13', '2A', 1800, 160, 0),
(1, 'Mysuru', 'Mangaluru', '2023-02-13', '2S', 140, 340, 0),
(1, 'Mysuru', 'Mangaluru', '2023-02-13', '3A', 1600, 240, 0),
(1, 'Mysuru', 'Mangaluru', '2023-02-13', 'SL', 600, 340, 0),
(2, 'Bengaluru', 'Bhubaneshwar', '2023-01-29', '1A', 2000, 46, 4),
(2, 'Bengaluru', 'Bhubaneshwar', '2023-01-29', '2A', 1800, 100, 0),
(2, 'Bengaluru', 'Bhubaneshwar', '2023-01-29', '2S', 200, 360, 0),
(2, 'Bengaluru', 'Bhubaneshwar', '2023-01-29', '3A', 1600, 150, 0),
(2, 'Bengaluru', 'Bhubaneshwar', '2023-01-29', 'SL', 800, 360, 0),
(2, 'Bengaluru', 'Bhubaneshwar', '2023-02-03', '1A', 1300, 40, 0),
(2, 'Bengaluru', 'Bhubaneshwar', '2023-02-03', '2A', 900, 30, 0),
(2, 'Bengaluru', 'Bhubaneshwar', '2023-02-03', '2S', 150, 120, 0),
(2, 'Bengaluru', 'Bhubaneshwar', '2023-02-03', '3A', 1200, 40, 0),
(2, 'Bengaluru', 'Bhubaneshwar', '2023-02-03', 'SL', 600, 240, 0),
(2, 'Bengaluru', 'Bhubaneshwar', '2023-02-04', '1A', 2000, 40, 0),
(2, 'Bengaluru', 'Bhubaneshwar', '2023-02-04', '2A', 1600, 30, 0),
(2, 'Bengaluru', 'Bhubaneshwar', '2023-02-04', '2S', 150, 120, 0),
(2, 'Bengaluru', 'Bhubaneshwar', '2023-02-04', '3A', 800, 40, 0),
(2, 'Bengaluru', 'Bhubaneshwar', '2023-02-04', 'SL', 450, 240, 0),
(2, 'Bengaluru', 'Bhubaneshwar', '2023-02-13', '1A', 2000, 50, 0),
(2, 'Bengaluru', 'Bhubaneshwar', '2023-02-13', '2A', 1800, 100, 0),
(2, 'Bengaluru', 'Bhubaneshwar', '2023-02-13', '2S', 200, 360, 0),
(2, 'Bengaluru', 'Bhubaneshwar', '2023-02-13', '3A', 1600, 150, 0),
(2, 'Bengaluru', 'Bhubaneshwar', '2023-02-13', 'SL', 800, 360, 0),
(2, 'Bengaluru', 'Kolkata', '2023-01-29', '1A', 3000, 56, 4),
(2, 'Bengaluru', 'Kolkata', '2023-01-29', '2A', 2700, 120, 0),
(2, 'Bengaluru', 'Kolkata', '2023-01-29', '2S', 300, 400, 0),
(2, 'Bengaluru', 'Kolkata', '2023-01-29', '3A', 2400, 180, 0),
(2, 'Bengaluru', 'Kolkata', '2023-01-29', 'SL', 1200, 400, 0),
(2, 'Bengaluru', 'Kolkata', '2023-02-03', '1A', 2400, 40, 0),
(2, 'Bengaluru', 'Kolkata', '2023-02-03', '2A', 2400, 30, 0),
(2, 'Bengaluru', 'Kolkata', '2023-02-03', '2S', 200, 120, 0),
(2, 'Bengaluru', 'Kolkata', '2023-02-03', '3A', 1800, 40, 0),
(2, 'Bengaluru', 'Kolkata', '2023-02-03', 'SL', 400, 240, 0),
(2, 'Bengaluru', 'Kolkata', '2023-02-04', '1A', 1200, 40, 0),
(2, 'Bengaluru', 'Kolkata', '2023-02-04', '2A', 2400, 30, 0),
(2, 'Bengaluru', 'Kolkata', '2023-02-04', '2S', 350, 120, 0),
(2, 'Bengaluru', 'Kolkata', '2023-02-04', '3A', 1800, 40, 0),
(2, 'Bengaluru', 'Kolkata', '2023-02-04', 'SL', 800, 240, 0),
(2, 'Bengaluru', 'Kolkata', '2023-02-13', '1A', 3000, 60, 0),
(2, 'Bengaluru', 'Kolkata', '2023-02-13', '2A', 2700, 120, 0),
(2, 'Bengaluru', 'Kolkata', '2023-02-13', '2S', 300, 400, 0),
(2, 'Bengaluru', 'Kolkata', '2023-02-13', '3A', 2400, 180, 0),
(2, 'Bengaluru', 'Kolkata', '2023-02-13', 'SL', 1200, 400, 0),
(2, 'Bengaluru', 'Vijaywada', '2023-01-29', '1A', 1000, 36, 4),
(2, 'Bengaluru', 'Vijaywada', '2023-01-29', '2A', 900, 80, 0),
(2, 'Bengaluru', 'Vijaywada', '2023-01-29', '2S', 100, 320, 0),
(2, 'Bengaluru', 'Vijaywada', '2023-01-29', '3A', 800, 120, 0),
(2, 'Bengaluru', 'Vijaywada', '2023-01-29', 'SL', 400, 320, 0),
(2, 'Bengaluru', 'Vijaywada', '2023-02-03', '1A', 1000, 52, 0),
(2, 'Bengaluru', 'Vijaywada', '2023-02-03', '2A', 1000, 30, 0),
(2, 'Bengaluru', 'Vijaywada', '2023-02-03', '2S', 100, 120, 0),
(2, 'Bengaluru', 'Vijaywada', '2023-02-03', '3A', 800, 40, 0),
(2, 'Bengaluru', 'Vijaywada', '2023-02-03', 'SL', 400, 240, 0),
(2, 'Bengaluru', 'Vijaywada', '2023-02-04', '1A', 1200, 52, 0),
(2, 'Bengaluru', 'Vijaywada', '2023-02-04', '2A', 1000, 30, 0),
(2, 'Bengaluru', 'Vijaywada', '2023-02-04', '2S', 100, 120, 0),
(2, 'Bengaluru', 'Vijaywada', '2023-02-04', '3A', 600, 40, 0),
(2, 'Bengaluru', 'Vijaywada', '2023-02-04', 'SL', 400, 240, 0),
(2, 'Bengaluru', 'Vijaywada', '2023-02-13', '1A', 1000, 40, 0),
(2, 'Bengaluru', 'Vijaywada', '2023-02-13', '2A', 900, 80, 0),
(2, 'Bengaluru', 'Vijaywada', '2023-02-13', '2S', 100, 320, 0),
(2, 'Bengaluru', 'Vijaywada', '2023-02-13', '3A', 800, 120, 0),
(2, 'Bengaluru', 'Vijaywada', '2023-02-13', 'SL', 400, 320, 0),
(2, 'Bhubaneshwar', 'Kolkata', '2023-01-30', '1A', 1000, 70, 0),
(2, 'Bhubaneshwar', 'Kolkata', '2023-01-30', '2A', 900, 120, 0),
(2, 'Bhubaneshwar', 'Kolkata', '2023-01-30', '2S', 100, 340, 0),
(2, 'Bhubaneshwar', 'Kolkata', '2023-01-30', '3A', 800, 160, 0),
(2, 'Bhubaneshwar', 'Kolkata', '2023-01-30', 'SL', 400, 340, 0),
(2, 'Bhubaneshwar', 'Kolkata', '2023-02-04', '1A', 900, 40, 0),
(2, 'Bhubaneshwar', 'Kolkata', '2023-02-04', '2A', 2700, 30, 0),
(2, 'Bhubaneshwar', 'Kolkata', '2023-02-04', '2S', 100, 120, 0),
(2, 'Bhubaneshwar', 'Kolkata', '2023-02-04', '3A', 300, 40, 0),
(2, 'Bhubaneshwar', 'Kolkata', '2023-02-04', 'SL', 300, 240, 0),
(2, 'Bhubaneshwar', 'Kolkata', '2023-02-05', '1A', 800, 40, 0),
(2, 'Bhubaneshwar', 'Kolkata', '2023-02-05', '2A', 2700, 30, 0),
(2, 'Bhubaneshwar', 'Kolkata', '2023-02-05', '2S', 350, 120, 0),
(2, 'Bhubaneshwar', 'Kolkata', '2023-02-05', '3A', 2400, 40, 0),
(2, 'Bhubaneshwar', 'Kolkata', '2023-02-05', 'SL', 400, 240, 0),
(2, 'Bhubaneshwar', 'Kolkata', '2023-02-14', '1A', 1000, 70, 0),
(2, 'Bhubaneshwar', 'Kolkata', '2023-02-14', '2A', 900, 120, 0),
(2, 'Bhubaneshwar', 'Kolkata', '2023-02-14', '2S', 100, 340, 0),
(2, 'Bhubaneshwar', 'Kolkata', '2023-02-14', '3A', 800, 160, 0),
(2, 'Bhubaneshwar', 'Kolkata', '2023-02-14', 'SL', 400, 340, 0),
(2, 'Vijaywada', 'Bhubaneshwar', '2023-01-29', '1A', 1000, 70, 0),
(2, 'Vijaywada', 'Bhubaneshwar', '2023-01-29', '2A', 900, 120, 0),
(2, 'Vijaywada', 'Bhubaneshwar', '2023-01-29', '2S', 100, 320, 0),
(2, 'Vijaywada', 'Bhubaneshwar', '2023-01-29', '3A', 800, 160, 0),
(2, 'Vijaywada', 'Bhubaneshwar', '2023-01-29', 'SL', 400, 320, 0),
(2, 'Vijaywada', 'Bhubaneshwar', '2023-02-03', '1A', 1000, 40, 0),
(2, 'Vijaywada', 'Bhubaneshwar', '2023-02-03', '2A', 800, 30, 0),
(2, 'Vijaywada', 'Bhubaneshwar', '2023-02-03', '2S', 100, 120, 0),
(2, 'Vijaywada', 'Bhubaneshwar', '2023-02-03', '3A', 600, 40, 0),
(2, 'Vijaywada', 'Bhubaneshwar', '2023-02-03', 'SL', 300, 240, 0),
(2, 'Vijaywada', 'Bhubaneshwar', '2023-02-04', '1A', 1000, 40, 0),
(2, 'Vijaywada', 'Bhubaneshwar', '2023-02-04', '2A', 800, 30, 0),
(2, 'Vijaywada', 'Bhubaneshwar', '2023-02-04', '2S', 100, 120, 0),
(2, 'Vijaywada', 'Bhubaneshwar', '2023-02-04', '3A', 600, 40, 0),
(2, 'Vijaywada', 'Bhubaneshwar', '2023-02-04', 'SL', 400, 240, 0),
(2, 'Vijaywada', 'Bhubaneshwar', '2023-02-13', '1A', 1000, 70, 0),
(2, 'Vijaywada', 'Bhubaneshwar', '2023-02-13', '2A', 900, 120, 0),
(2, 'Vijaywada', 'Bhubaneshwar', '2023-02-13', '2S', 100, 320, 0),
(2, 'Vijaywada', 'Bhubaneshwar', '2023-02-13', '3A', 800, 160, 0),
(2, 'Vijaywada', 'Bhubaneshwar', '2023-02-13', 'SL', 400, 320, 0),
(2, 'Vijaywada', 'Kolkata', '2023-01-29', '1A', 2000, 80, 0),
(2, 'Vijaywada', 'Kolkata', '2023-01-29', '2A', 1800, 140, 0),
(2, 'Vijaywada', 'Kolkata', '2023-01-29', '2S', 200, 340, 0),
(2, 'Vijaywada', 'Kolkata', '2023-01-29', '3A', 1600, 180, 0),
(2, 'Vijaywada', 'Kolkata', '2023-01-29', 'SL', 800, 340, 0),
(2, 'Vijaywada', 'Kolkata', '2023-02-03', '1A', 1800, 40, 0),
(2, 'Vijaywada', 'Kolkata', '2023-02-03', '2A', 1800, 30, 0),
(2, 'Vijaywada', 'Kolkata', '2023-02-03', '2S', 150, 120, 0),
(2, 'Vijaywada', 'Kolkata', '2023-02-03', '3A', 1600, 40, 0),
(2, 'Vijaywada', 'Kolkata', '2023-02-03', 'SL', 300, 240, 0),
(2, 'Vijaywada', 'Kolkata', '2023-02-04', '1A', 1800, 40, 0),
(2, 'Vijaywada', 'Kolkata', '2023-02-04', '2A', 1400, 30, 0),
(2, 'Vijaywada', 'Kolkata', '2023-02-04', '2S', 150, 120, 0),
(2, 'Vijaywada', 'Kolkata', '2023-02-04', '3A', 1600, 40, 0),
(2, 'Vijaywada', 'Kolkata', '2023-02-04', 'SL', 800, 240, 0),
(2, 'Vijaywada', 'Kolkata', '2023-02-13', '1A', 2000, 80, 0),
(2, 'Vijaywada', 'Kolkata', '2023-02-13', '2A', 1800, 140, 0),
(2, 'Vijaywada', 'Kolkata', '2023-02-13', '2S', 200, 340, 0),
(2, 'Vijaywada', 'Kolkata', '2023-02-13', '3A', 1600, 180, 0),
(2, 'Vijaywada', 'Kolkata', '2023-02-13', 'SL', 800, 340, 0),
(3, 'Bengaluru', 'Hindupur', '2023-01-29', '1A', 1000, 40, 0),
(3, 'Bengaluru', 'Hindupur', '2023-01-29', '2A', 900, 76, 8),
(3, 'Bengaluru', 'Hindupur', '2023-01-29', '2S', 90, 360, 0),
(3, 'Bengaluru', 'Hindupur', '2023-01-29', '3A', 800, 116, 4),
(3, 'Bengaluru', 'Hindupur', '2023-01-29', 'SL', 250, 360, 0),
(3, 'Bengaluru', 'Hindupur', '2023-02-03', '1A', 500, 52, 0),
(3, 'Bengaluru', 'Hindupur', '2023-02-03', '2A', 440, 30, 0),
(3, 'Bengaluru', 'Hindupur', '2023-02-03', '3A', 650, 40, 0),
(3, 'Bengaluru', 'Hindupur', '2023-02-04', '1A', 340, 30, 0),
(3, 'Bengaluru', 'Hindupur', '2023-02-04', '2A', 760, 30, 0),
(3, 'Bengaluru', 'Hindupur', '2023-02-04', '3A', 760, 20, 0),
(3, 'Bengaluru', 'Hindupur', '2023-02-13', '1A', 1000, 40, 0),
(3, 'Bengaluru', 'Hindupur', '2023-02-13', '2A', 900, 80, 0),
(3, 'Bengaluru', 'Hindupur', '2023-02-13', '2S', 90, 360, 0),
(3, 'Bengaluru', 'Hindupur', '2023-02-13', '3A', 800, 120, 0),
(3, 'Bengaluru', 'Hindupur', '2023-02-13', 'SL', 250, 360, 0),
(3, 'Bengaluru', 'Mumbai', '2023-01-29', '1A', 3000, 80, 0),
(3, 'Bengaluru', 'Mumbai', '2023-01-29', '2A', 2500, 112, 12),
(3, 'Bengaluru', 'Mumbai', '2023-01-29', '2S', 400, 360, 3),
(3, 'Bengaluru', 'Mumbai', '2023-01-29', '3A', 2400, 116, 4),
(3, 'Bengaluru', 'Mumbai', '2023-01-29', 'SL', 1250, 360, 0),
(3, 'Bengaluru', 'Mumbai', '2023-02-03', '1A', 620, 40, 0),
(3, 'Bengaluru', 'Mumbai', '2023-02-03', '2A', 440, 30, 0),
(3, 'Bengaluru', 'Mumbai', '2023-02-03', '3A', 550, 40, 0),
(3, 'Bengaluru', 'Mumbai', '2023-02-04', '1A', 430, 30, 0),
(3, 'Bengaluru', 'Mumbai', '2023-02-04', '2A', 670, 30, 0),
(3, 'Bengaluru', 'Mumbai', '2023-02-04', '3A', 650, 30, 0),
(3, 'Bengaluru', 'Mumbai', '2023-02-13', '1A', 3000, 80, 0),
(3, 'Bengaluru', 'Mumbai', '2023-02-13', '2A', 2500, 120, 0),
(3, 'Bengaluru', 'Mumbai', '2023-02-13', '2S', 400, 360, 0),
(3, 'Bengaluru', 'Mumbai', '2023-02-13', '3A', 2400, 120, 0),
(3, 'Bengaluru', 'Mumbai', '2023-02-13', 'SL', 1250, 360, 0),
(3, 'Bengaluru', 'Pune', '2023-01-29', '1A', 2500, 70, 0),
(3, 'Bengaluru', 'Pune', '2023-01-29', '2A', 2100, 132, 12),
(3, 'Bengaluru', 'Pune', '2023-01-29', '2S', 360, 360, 3),
(3, 'Bengaluru', 'Pune', '2023-01-29', '3A', 2000, 116, 4),
(3, 'Bengaluru', 'Pune', '2023-01-29', 'SL', 1000, 360, 0),
(3, 'Bengaluru', 'Pune', '2023-02-03', '1A', 840, 40, 0),
(3, 'Bengaluru', 'Pune', '2023-02-03', '2A', 440, 30, 0),
(3, 'Bengaluru', 'Pune', '2023-02-03', '3A', 550, 40, 0),
(3, 'Bengaluru', 'Pune', '2023-02-04', '1A', 540, 30, 0),
(3, 'Bengaluru', 'Pune', '2023-02-04', '2A', 670, 30, 0),
(3, 'Bengaluru', 'Pune', '2023-02-04', '3A', 760, 30, 0),
(3, 'Bengaluru', 'Pune', '2023-02-13', '1A', 2500, 70, 0),
(3, 'Bengaluru', 'Pune', '2023-02-13', '2A', 2100, 140, 0),
(3, 'Bengaluru', 'Pune', '2023-02-13', '2S', 360, 360, 0),
(3, 'Bengaluru', 'Pune', '2023-02-13', '3A', 2000, 120, 0),
(3, 'Bengaluru', 'Pune', '2023-02-13', 'SL', 1000, 360, 0),
(3, 'Bengaluru', 'Raichur', '2023-01-29', '1A', 1500, 50, 0),
(3, 'Bengaluru', 'Raichur', '2023-01-29', '2A', 1300, 92, 12),
(3, 'Bengaluru', 'Raichur', '2023-01-29', '2S', 180, 360, 3),
(3, 'Bengaluru', 'Raichur', '2023-01-29', '3A', 1200, 116, 4),
(3, 'Bengaluru', 'Raichur', '2023-01-29', 'SL', 500, 360, 0),
(3, 'Bengaluru', 'Raichur', '2023-02-03', '1A', 500, 40, 0),
(3, 'Bengaluru', 'Raichur', '2023-02-03', '2A', 4400, 30, 0),
(3, 'Bengaluru', 'Raichur', '2023-02-03', '3A', 550, 40, 0),
(3, 'Bengaluru', 'Raichur', '2023-02-04', '1A', 540, 30, 0),
(3, 'Bengaluru', 'Raichur', '2023-02-04', '2A', 760, 30, 0),
(3, 'Bengaluru', 'Raichur', '2023-02-04', '3A', 670, 30, 0),
(3, 'Bengaluru', 'Raichur', '2023-02-13', '1A', 1500, 50, 0),
(3, 'Bengaluru', 'Raichur', '2023-02-13', '2A', 1300, 100, 0),
(3, 'Bengaluru', 'Raichur', '2023-02-13', '2S', 180, 360, 0),
(3, 'Bengaluru', 'Raichur', '2023-02-13', '3A', 1200, 120, 0),
(3, 'Bengaluru', 'Raichur', '2023-02-13', 'SL', 500, 360, 0),
(3, 'Bengaluru', 'Solapur', '2023-01-29', '1A', 2000, 60, 0),
(3, 'Bengaluru', 'Solapur', '2023-01-29', '2A', 1700, 112, 12),
(3, 'Bengaluru', 'Solapur', '2023-01-29', '2S', 270, 360, 3),
(3, 'Bengaluru', 'Solapur', '2023-01-29', '3A', 1600, 116, 4),
(3, 'Bengaluru', 'Solapur', '2023-01-29', 'SL', 750, 360, 0),
(3, 'Bengaluru', 'Solapur', '2023-02-03', '1A', 200, 40, 0),
(3, 'Bengaluru', 'Solapur', '2023-02-03', '2A', 440, 30, 0),
(3, 'Bengaluru', 'Solapur', '2023-02-03', '3A', 550, 40, 0),
(3, 'Bengaluru', 'Solapur', '2023-02-04', '1A', 450, 30, 0),
(3, 'Bengaluru', 'Solapur', '2023-02-04', '2A', 780, 30, 0),
(3, 'Bengaluru', 'Solapur', '2023-02-04', '3A', 670, 30, 0),
(3, 'Bengaluru', 'Solapur', '2023-02-13', '1A', 2000, 60, 0),
(3, 'Bengaluru', 'Solapur', '2023-02-13', '2A', 1700, 120, 0),
(3, 'Bengaluru', 'Solapur', '2023-02-13', '2S', 270, 360, 0),
(3, 'Bengaluru', 'Solapur', '2023-02-13', '3A', 1600, 120, 0),
(3, 'Bengaluru', 'Solapur', '2023-02-13', 'SL', 750, 360, 0),
(3, 'Hindupur', 'Mumbai', '2023-01-29', '1A', 2500, 70, 0),
(3, 'Hindupur', 'Mumbai', '2023-01-29', '2A', 2100, 116, 4),
(3, 'Hindupur', 'Mumbai', '2023-01-29', '2S', 360, 360, 3),
(3, 'Hindupur', 'Mumbai', '2023-01-29', '3A', 2000, 120, 0),
(3, 'Hindupur', 'Mumbai', '2023-01-29', 'SL', 1000, 360, 0),
(3, 'Hindupur', 'Mumbai', '2023-02-03', '1A', 200, 20, 0),
(3, 'Hindupur', 'Mumbai', '2023-02-03', '2A', 440, 32, 0),
(3, 'Hindupur', 'Mumbai', '2023-02-03', '3A', 550, 40, 0),
(3, 'Hindupur', 'Mumbai', '2023-02-04', '1A', 540, 30, 0),
(3, 'Hindupur', 'Mumbai', '2023-02-04', '2A', 760, 30, 0),
(3, 'Hindupur', 'Mumbai', '2023-02-04', '3A', 450, 30, 0),
(3, 'Hindupur', 'Mumbai', '2023-02-13', '1A', 2500, 70, 0),
(3, 'Hindupur', 'Mumbai', '2023-02-13', '2A', 2100, 120, 0),
(3, 'Hindupur', 'Mumbai', '2023-02-13', '2S', 360, 360, 0),
(3, 'Hindupur', 'Mumbai', '2023-02-13', '3A', 2000, 120, 0),
(3, 'Hindupur', 'Mumbai', '2023-02-13', 'SL', 1000, 360, 0),
(3, 'Hindupur', 'Pune', '2023-01-29', '1A', 2000, 60, 0),
(3, 'Hindupur', 'Pune', '2023-01-29', '2A', 1700, 116, 4),
(3, 'Hindupur', 'Pune', '2023-01-29', '2S', 270, 360, 3),
(3, 'Hindupur', 'Pune', '2023-01-29', '3A', 1600, 120, 0),
(3, 'Hindupur', 'Pune', '2023-01-29', 'SL', 750, 360, 0),
(3, 'Hindupur', 'Pune', '2023-02-03', '1A', 200, 30, 0),
(3, 'Hindupur', 'Pune', '2023-02-03', '2A', 440, 65, 0),
(3, 'Hindupur', 'Pune', '2023-02-03', '3A', 555, 40, 0),
(3, 'Hindupur', 'Pune', '2023-02-04', '1A', 650, 30, 0),
(3, 'Hindupur', 'Pune', '2023-02-04', '2A', 678, 30, 0),
(3, 'Hindupur', 'Pune', '2023-02-04', '3A', 450, 30, 0),
(3, 'Hindupur', 'Pune', '2023-02-13', '1A', 2000, 60, 0),
(3, 'Hindupur', 'Pune', '2023-02-13', '2A', 1700, 120, 0),
(3, 'Hindupur', 'Pune', '2023-02-13', '2S', 270, 360, 0),
(3, 'Hindupur', 'Pune', '2023-02-13', '3A', 1600, 120, 0),
(3, 'Hindupur', 'Pune', '2023-02-13', 'SL', 750, 360, 0),
(3, 'Hindupur', 'Raichur', '2023-01-29', '1A', 1000, 40, 0),
(3, 'Hindupur', 'Raichur', '2023-01-29', '2A', 900, 76, 4),
(3, 'Hindupur', 'Raichur', '2023-01-29', '2S', 90, 360, 3),
(3, 'Hindupur', 'Raichur', '2023-01-29', '3A', 800, 120, 0),
(3, 'Hindupur', 'Raichur', '2023-01-29', 'SL', 250, 360, 0),
(3, 'Hindupur', 'Raichur', '2023-02-03', '1A', 500, 40, 0),
(3, 'Hindupur', 'Raichur', '2023-02-03', '2A', 440, 30, 0),
(3, 'Hindupur', 'Raichur', '2023-02-03', '3A', 550, 40, 0),
(3, 'Hindupur', 'Raichur', '2023-02-04', '1A', 540, 30, 0),
(3, 'Hindupur', 'Raichur', '2023-02-04', '2A', 760, 30, 0),
(3, 'Hindupur', 'Raichur', '2023-02-04', '3A', 560, 30, 0),
(3, 'Hindupur', 'Raichur', '2023-02-13', '1A', 1000, 40, 0),
(3, 'Hindupur', 'Raichur', '2023-02-13', '2A', 900, 80, 0),
(3, 'Hindupur', 'Raichur', '2023-02-13', '2S', 90, 360, 0),
(3, 'Hindupur', 'Raichur', '2023-02-13', '3A', 800, 120, 0),
(3, 'Hindupur', 'Raichur', '2023-02-13', 'SL', 250, 360, 0),
(3, 'Hindupur', 'Solapur', '2023-01-29', '1A', 1500, 50, 0),
(3, 'Hindupur', 'Solapur', '2023-01-29', '2A', 1300, 96, 4),
(3, 'Hindupur', 'Solapur', '2023-01-29', '2S', 180, 360, 3),
(3, 'Hindupur', 'Solapur', '2023-01-29', '3A', 1200, 120, 0),
(3, 'Hindupur', 'Solapur', '2023-01-29', 'SL', 500, 360, 0),
(3, 'Hindupur', 'Solapur', '2023-02-03', '1A', 500, 59, 0),
(3, 'Hindupur', 'Solapur', '2023-02-03', '2A', 440, 87, 0),
(3, 'Hindupur', 'Solapur', '2023-02-03', '3A', 550, 40, 0),
(3, 'Hindupur', 'Solapur', '2023-02-04', '1A', 450, 30, 0),
(3, 'Hindupur', 'Solapur', '2023-02-04', '2A', 550, 30, 0),
(3, 'Hindupur', 'Solapur', '2023-02-04', '3A', 560, 30, 0),
(3, 'Hindupur', 'Solapur', '2023-02-13', '1A', 1500, 50, 0),
(3, 'Hindupur', 'Solapur', '2023-02-13', '2A', 1300, 100, 0),
(3, 'Hindupur', 'Solapur', '2023-02-13', '2S', 180, 360, 0),
(3, 'Hindupur', 'Solapur', '2023-02-13', '3A', 1200, 120, 0),
(3, 'Hindupur', 'Solapur', '2023-02-13', 'SL', 500, 360, 0),
(3, 'Pune', 'Mumbai', '2023-01-30', '1A', 1000, 50, 0),
(3, 'Pune', 'Mumbai', '2023-01-30', '2A', 900, 80, 0),
(3, 'Pune', 'Mumbai', '2023-01-30', '2S', 90, 360, 0),
(3, 'Pune', 'Mumbai', '2023-01-30', '3A', 800, 120, 0),
(3, 'Pune', 'Mumbai', '2023-01-30', 'SL', 250, 360, 0),
(3, 'Pune', 'Mumbai', '2023-02-04', '1A', 58, 20, 0),
(3, 'Pune', 'Mumbai', '2023-02-04', '2A', 540, 20, 0),
(3, 'Pune', 'Mumbai', '2023-02-04', '3A', 760, 40, 0),
(3, 'Pune', 'Mumbai', '2023-02-05', '1A', 450, 30, 0),
(3, 'Pune', 'Mumbai', '2023-02-05', '2A', 760, 30, 0),
(3, 'Pune', 'Mumbai', '2023-02-05', '3A', 650, 30, 0),
(3, 'Pune', 'Mumbai', '2023-02-14', '1A', 1000, 50, 0),
(3, 'Pune', 'Mumbai', '2023-02-14', '2A', 900, 80, 0),
(3, 'Pune', 'Mumbai', '2023-02-14', '2S', 90, 360, 0),
(3, 'Pune', 'Mumbai', '2023-02-14', '3A', 800, 120, 0),
(3, 'Pune', 'Mumbai', '2023-02-14', 'SL', 250, 360, 0),
(3, 'Raichur', 'Mumbai', '2023-01-29', '1A', 2000, 60, 0),
(3, 'Raichur', 'Mumbai', '2023-01-29', '2A', 1700, 96, 4),
(3, 'Raichur', 'Mumbai', '2023-01-29', '2S', 270, 360, 3),
(3, 'Raichur', 'Mumbai', '2023-01-29', '3A', 1600, 120, 0),
(3, 'Raichur', 'Mumbai', '2023-01-29', 'SL', 750, 360, 0),
(3, 'Raichur', 'Mumbai', '2023-02-03', '1A', 850, 52, 0),
(3, 'Raichur', 'Mumbai', '2023-02-03', '2A', 430, 50, 0),
(3, 'Raichur', 'Mumbai', '2023-02-03', '3A', 540, 40, 0),
(3, 'Raichur', 'Mumbai', '2023-02-04', '1A', 450, 30, 0),
(3, 'Raichur', 'Mumbai', '2023-02-04', '2A', 450, 30, 0),
(3, 'Raichur', 'Mumbai', '2023-02-04', '3A', 540, 30, 0),
(3, 'Raichur', 'Mumbai', '2023-02-13', '1A', 2000, 60, 0),
(3, 'Raichur', 'Mumbai', '2023-02-13', '2A', 1700, 100, 0),
(3, 'Raichur', 'Mumbai', '2023-02-13', '2S', 270, 360, 0),
(3, 'Raichur', 'Mumbai', '2023-02-13', '3A', 1600, 120, 0),
(3, 'Raichur', 'Mumbai', '2023-02-13', 'SL', 750, 360, 0),
(3, 'Raichur', 'Pune', '2023-01-29', '1A', 1500, 50, 0),
(3, 'Raichur', 'Pune', '2023-01-29', '2A', 1300, 96, 4),
(3, 'Raichur', 'Pune', '2023-01-29', '2S', 180, 360, 3),
(3, 'Raichur', 'Pune', '2023-01-29', '3A', 1200, 120, 0),
(3, 'Raichur', 'Pune', '2023-01-29', 'SL', 500, 360, 0),
(3, 'Raichur', 'Pune', '2023-02-03', '1A', 808, 50, 0),
(3, 'Raichur', 'Pune', '2023-02-03', '2A', 440, 20, 0),
(3, 'Raichur', 'Pune', '2023-02-03', '3A', 654, 40, 0),
(3, 'Raichur', 'Pune', '2023-02-04', '1A', 654, 30, 0),
(3, 'Raichur', 'Pune', '2023-02-04', '2A', 66, 30, 0),
(3, 'Raichur', 'Pune', '2023-02-04', '3A', 540, 30, 0),
(3, 'Raichur', 'Pune', '2023-02-13', '1A', 1500, 50, 0),
(3, 'Raichur', 'Pune', '2023-02-13', '2A', 1300, 100, 0),
(3, 'Raichur', 'Pune', '2023-02-13', '2S', 180, 360, 0),
(3, 'Raichur', 'Pune', '2023-02-13', '3A', 1200, 120, 0),
(3, 'Raichur', 'Pune', '2023-02-13', 'SL', 500, 360, 0),
(3, 'Raichur', 'Solapur', '2023-01-29', '1A', 1000, 40, 0),
(3, 'Raichur', 'Solapur', '2023-01-29', '2A', 900, 76, 4),
(3, 'Raichur', 'Solapur', '2023-01-29', '2S', 90, 360, 3),
(3, 'Raichur', 'Solapur', '2023-01-29', '3A', 800, 120, 0),
(3, 'Raichur', 'Solapur', '2023-01-29', 'SL', 250, 360, 0),
(3, 'Raichur', 'Solapur', '2023-02-03', '1A', 850, 52, 0),
(3, 'Raichur', 'Solapur', '2023-02-03', '2A', 440, 20, 0),
(3, 'Raichur', 'Solapur', '2023-02-03', '3A', 540, 40, 0),
(3, 'Raichur', 'Solapur', '2023-02-04', '1A', 540, 33, 0),
(3, 'Raichur', 'Solapur', '2023-02-04', '2A', 650, 30, 0),
(3, 'Raichur', 'Solapur', '2023-02-04', '3A', 540, 30, 0),
(3, 'Raichur', 'Solapur', '2023-02-13', '1A', 1000, 40, 0),
(3, 'Raichur', 'Solapur', '2023-02-13', '2A', 900, 80, 0),
(3, 'Raichur', 'Solapur', '2023-02-13', '2S', 90, 360, 0),
(3, 'Raichur', 'Solapur', '2023-02-13', '3A', 800, 120, 0),
(3, 'Raichur', 'Solapur', '2023-02-13', 'SL', 250, 360, 0),
(3, 'Solapur', 'Mumbai', '2023-01-29', '1A', 1500, 50, 0),
(3, 'Solapur', 'Mumbai', '2023-01-29', '2A', 1300, 96, 4),
(3, 'Solapur', 'Mumbai', '2023-01-29', '2S', 180, 360, 3),
(3, 'Solapur', 'Mumbai', '2023-01-29', '3A', 1600, 120, 0),
(3, 'Solapur', 'Mumbai', '2023-01-29', 'SL', 500, 360, 0),
(3, 'Solapur', 'Mumbai', '2023-02-03', '1A', 580, 20, 0),
(3, 'Solapur', 'Mumbai', '2023-02-03', '2A', 440, 40, 0),
(3, 'Solapur', 'Mumbai', '2023-02-03', '3A', 5440, 40, 0),
(3, 'Solapur', 'Mumbai', '2023-02-04', '1A', 450, 30, 0),
(3, 'Solapur', 'Mumbai', '2023-02-04', '2A', 870, 30, 0),
(3, 'Solapur', 'Mumbai', '2023-02-04', '3A', 540, 30, 0),
(3, 'Solapur', 'Mumbai', '2023-02-13', '1A', 1500, 50, 0),
(3, 'Solapur', 'Mumbai', '2023-02-13', '2A', 1300, 100, 0),
(3, 'Solapur', 'Mumbai', '2023-02-13', '2S', 180, 360, 0),
(3, 'Solapur', 'Mumbai', '2023-02-13', '3A', 1600, 120, 0),
(3, 'Solapur', 'Mumbai', '2023-02-13', 'SL', 500, 360, 0),
(3, 'Solapur', 'Pune', '2023-01-29', '1A', 1000, 40, 0),
(3, 'Solapur', 'Pune', '2023-01-29', '2A', 900, 76, 4),
(3, 'Solapur', 'Pune', '2023-01-29', '2S', 90, 360, 3),
(3, 'Solapur', 'Pune', '2023-01-29', '3A', 800, 120, 0),
(3, 'Solapur', 'Pune', '2023-01-29', 'SL', 250, 360, 0),
(3, 'Solapur', 'Pune', '2023-02-03', '1A', 780, 50, 0),
(3, 'Solapur', 'Pune', '2023-02-03', '2A', 44, 60, 0),
(3, 'Solapur', 'Pune', '2023-02-03', '3A', 450, 40, 0),
(3, 'Solapur', 'Pune', '2023-02-04', '1A', 650, 30, 0),
(3, 'Solapur', 'Pune', '2023-02-04', '2A', 340, 30, 0),
(3, 'Solapur', 'Pune', '2023-02-04', '3A', 340, 30, 0),
(3, 'Solapur', 'Pune', '2023-02-13', '1A', 1000, 40, 0),
(3, 'Solapur', 'Pune', '2023-02-13', '2A', 900, 80, 0),
(3, 'Solapur', 'Pune', '2023-02-13', '2S', 90, 360, 0),
(3, 'Solapur', 'Pune', '2023-02-13', '3A', 800, 120, 0),
(3, 'Solapur', 'Pune', '2023-02-13', 'SL', 250, 360, 0),
(4, 'Anantapur', 'Hyderabad', '2023-01-30', '1A', 2400, 60, 0),
(4, 'Anantapur', 'Hyderabad', '2023-01-30', '2A', 2000, 95, 5),
(4, 'Anantapur', 'Hyderabad', '2023-01-30', '2S', 140, 450, 0),
(4, 'Anantapur', 'Hyderabad', '2023-01-30', '3A', 1400, 150, 0),
(4, 'Anantapur', 'Hyderabad', '2023-01-30', 'SL', 400, 444, 6),
(4, 'Anantapur', 'Hyderabad', '2023-02-04', '1A', 580, 30, 0),
(4, 'Anantapur', 'Hyderabad', '2023-02-04', '2A', 870, 30, 0),
(4, 'Anantapur', 'Hyderabad', '2023-02-04', '3A', 560, 50, 0),
(4, 'Anantapur', 'Hyderabad', '2023-02-05', '1A', 890, 30, 0),
(4, 'Anantapur', 'Hyderabad', '2023-02-05', '2A', 960, 30, 0),
(4, 'Anantapur', 'Hyderabad', '2023-02-05', '3A', 850, 60, 0),
(4, 'Anantapur', 'Hyderabad', '2023-02-14', '1A', 2400, 60, 0),
(4, 'Anantapur', 'Hyderabad', '2023-02-14', '2A', 2000, 100, 0),
(4, 'Anantapur', 'Hyderabad', '2023-02-14', '2S', 140, 450, 0),
(4, 'Anantapur', 'Hyderabad', '2023-02-14', '3A', 1400, 150, 0),
(4, 'Anantapur', 'Hyderabad', '2023-02-14', 'SL', 400, 450, 0),
(4, 'Anantapur', 'Kurnool', '2023-01-30', '1A', 1200, 60, 0),
(4, 'Anantapur', 'Kurnool', '2023-01-30', '2A', 1000, 95, 5),
(4, 'Anantapur', 'Kurnool', '2023-01-30', '2S', 70, 450, 0),
(4, 'Anantapur', 'Kurnool', '2023-01-30', '3A', 700, 150, 0),
(4, 'Anantapur', 'Kurnool', '2023-01-30', 'SL', 200, 444, 6),
(4, 'Anantapur', 'Kurnool', '2023-02-04', '1A', 780, 30, 0),
(4, 'Anantapur', 'Kurnool', '2023-02-04', '2A', 340, 30, 0),
(4, 'Anantapur', 'Kurnool', '2023-02-04', '3A', 550, 50, 0),
(4, 'Anantapur', 'Kurnool', '2023-02-05', '1A', 780, 30, 0),
(4, 'Anantapur', 'Kurnool', '2023-02-05', '2A', 820, 30, 0),
(4, 'Anantapur', 'Kurnool', '2023-02-05', '3A', 550, 60, 0),
(4, 'Anantapur', 'Kurnool', '2023-02-14', '1A', 1200, 60, 0),
(4, 'Anantapur', 'Kurnool', '2023-02-14', '2A', 1000, 100, 0),
(4, 'Anantapur', 'Kurnool', '2023-02-14', '2S', 70, 450, 0),
(4, 'Anantapur', 'Kurnool', '2023-02-14', '3A', 700, 150, 0),
(4, 'Anantapur', 'Kurnool', '2023-02-14', 'SL', 200, 450, 0),
(4, 'Bengaluru', 'Anantapur', '2023-01-29', '1A', 3200, 60, 0),
(4, 'Bengaluru', 'Anantapur', '2023-01-29', '2A', 3000, 100, 0),
(4, 'Bengaluru', 'Anantapur', '2023-01-29', '2S', 210, 450, 0),
(4, 'Bengaluru', 'Anantapur', '2023-01-29', '3A', 2100, 150, 0),
(4, 'Bengaluru', 'Anantapur', '2023-01-29', 'SL', 600, 450, 0),
(4, 'Bengaluru', 'Anantapur', '2023-02-03', '1A', 1400, 30, 0),
(4, 'Bengaluru', 'Anantapur', '2023-02-03', '2A', 800, 30, 0),
(4, 'Bengaluru', 'Anantapur', '2023-02-03', '3A', 750, 50, 0),
(4, 'Bengaluru', 'Anantapur', '2023-02-04', '1A', 630, 30, 0),
(4, 'Bengaluru', 'Anantapur', '2023-02-04', '2A', 850, 30, 0),
(4, 'Bengaluru', 'Anantapur', '2023-02-04', '3A', 960, 60, 0),
(4, 'Bengaluru', 'Anantapur', '2023-02-13', '1A', 3200, 60, 0),
(4, 'Bengaluru', 'Anantapur', '2023-02-13', '2A', 3000, 100, 0),
(4, 'Bengaluru', 'Anantapur', '2023-02-13', '2S', 210, 450, 0),
(4, 'Bengaluru', 'Anantapur', '2023-02-13', '3A', 2100, 150, 0),
(4, 'Bengaluru', 'Anantapur', '2023-02-13', 'SL', 600, 450, 0),
(4, 'Bengaluru', 'Doddaballapura', '2023-01-29', '1A', 1200, 60, 0),
(4, 'Bengaluru', 'Doddaballapura', '2023-01-29', '2A', 1000, 100, 0),
(4, 'Bengaluru', 'Doddaballapura', '2023-01-29', '2S', 70, 450, 0),
(4, 'Bengaluru', 'Doddaballapura', '2023-01-29', '3A', 700, 150, 0),
(4, 'Bengaluru', 'Doddaballapura', '2023-01-29', 'SL', 200, 450, 0),
(4, 'Bengaluru', 'Doddaballapura', '2023-02-03', '1A', 1220, 30, 0),
(4, 'Bengaluru', 'Doddaballapura', '2023-02-03', '2A', 800, 30, 0),
(4, 'Bengaluru', 'Doddaballapura', '2023-02-03', '3A', 850, 50, 0),
(4, 'Bengaluru', 'Doddaballapura', '2023-02-04', '1A', 850, 20, 0),
(4, 'Bengaluru', 'Doddaballapura', '2023-02-04', '2A', 850, 30, 0),
(4, 'Bengaluru', 'Doddaballapura', '2023-02-04', '3A', 850, 60, 0),
(4, 'Bengaluru', 'Doddaballapura', '2023-02-13', '1A', 1200, 60, 0),
(4, 'Bengaluru', 'Doddaballapura', '2023-02-13', '2A', 1000, 100, 0),
(4, 'Bengaluru', 'Doddaballapura', '2023-02-13', '2S', 70, 450, 0),
(4, 'Bengaluru', 'Doddaballapura', '2023-02-13', '3A', 700, 150, 0),
(4, 'Bengaluru', 'Doddaballapura', '2023-02-13', 'SL', 200, 450, 0),
(4, 'Bengaluru', 'Hindupur', '2023-01-29', '1A', 2200, 60, 0),
(4, 'Bengaluru', 'Hindupur', '2023-01-29', '2A', 2000, 100, 0),
(4, 'Bengaluru', 'Hindupur', '2023-01-29', '2S', 140, 450, 0),
(4, 'Bengaluru', 'Hindupur', '2023-01-29', '3A', 1400, 150, 0),
(4, 'Bengaluru', 'Hindupur', '2023-01-29', 'SL', 400, 450, 0),
(4, 'Bengaluru', 'Hindupur', '2023-02-03', '1A', 2010, 30, 0),
(4, 'Bengaluru', 'Hindupur', '2023-02-03', '2A', 1600, 30, 0),
(4, 'Bengaluru', 'Hindupur', '2023-02-03', '3A', 850, 50, 0),
(4, 'Bengaluru', 'Hindupur', '2023-02-04', '1A', 960, 30, 0),
(4, 'Bengaluru', 'Hindupur', '2023-02-04', '2A', 850, 30, 0),
(4, 'Bengaluru', 'Hindupur', '2023-02-04', '3A', 850, 60, 0),
(4, 'Bengaluru', 'Hindupur', '2023-02-13', '1A', 2200, 60, 0),
(4, 'Bengaluru', 'Hindupur', '2023-02-13', '2A', 2000, 100, 0),
(4, 'Bengaluru', 'Hindupur', '2023-02-13', '2S', 140, 450, 0),
(4, 'Bengaluru', 'Hindupur', '2023-02-13', '3A', 1400, 150, 0),
(4, 'Bengaluru', 'Hindupur', '2023-02-13', 'SL', 400, 450, 0),
(4, 'Bengaluru', 'Hyderabad', '2023-01-29', '1A', 5500, 60, 0),
(4, 'Bengaluru', 'Hyderabad', '2023-01-29', '2A', 5000, 100, 0),
(4, 'Bengaluru', 'Hyderabad', '2023-01-29', '2S', 350, 450, 0),
(4, 'Bengaluru', 'Hyderabad', '2023-01-29', '3A', 3500, 150, 0),
(4, 'Bengaluru', 'Hyderabad', '2023-01-29', 'SL', 1000, 450, 0),
(4, 'Bengaluru', 'Hyderabad', '2023-02-03', '1A', 800, 30, 0),
(4, 'Bengaluru', 'Hyderabad', '2023-02-03', '2A', 670, 30, 0),
(4, 'Bengaluru', 'Hyderabad', '2023-02-03', '3A', 250, 50, 0),
(4, 'Bengaluru', 'Hyderabad', '2023-02-04', '1A', 780, 30, 0),
(4, 'Bengaluru', 'Hyderabad', '2023-02-04', '2A', 890, 30, 0),
(4, 'Bengaluru', 'Hyderabad', '2023-02-04', '3A', 690, 60, 0),
(4, 'Bengaluru', 'Hyderabad', '2023-02-13', '1A', 5500, 60, 0),
(4, 'Bengaluru', 'Hyderabad', '2023-02-13', '2A', 5000, 100, 0),
(4, 'Bengaluru', 'Hyderabad', '2023-02-13', '2S', 350, 450, 0),
(4, 'Bengaluru', 'Hyderabad', '2023-02-13', '3A', 3500, 150, 0),
(4, 'Bengaluru', 'Hyderabad', '2023-02-13', 'SL', 1000, 450, 0),
(4, 'Bengaluru', 'Kurnool', '2023-01-29', '1A', 4400, 60, 0),
(4, 'Bengaluru', 'Kurnool', '2023-01-29', '2A', 4000, 100, 0),
(4, 'Bengaluru', 'Kurnool', '2023-01-29', '2S', 280, 450, 0),
(4, 'Bengaluru', 'Kurnool', '2023-01-29', '3A', 2800, 150, 0),
(4, 'Bengaluru', 'Kurnool', '2023-01-29', 'SL', 800, 450, 0),
(4, 'Bengaluru', 'Kurnool', '2023-02-03', '1A', 800, 30, 0),
(4, 'Bengaluru', 'Kurnool', '2023-02-03', '2A', 800, 30, 0),
(4, 'Bengaluru', 'Kurnool', '2023-02-03', '3A', 850, 50, 0),
(4, 'Bengaluru', 'Kurnool', '2023-02-04', '1A', 690, 30, 0),
(4, 'Bengaluru', 'Kurnool', '2023-02-04', '2A', 850, 30, 0),
(4, 'Bengaluru', 'Kurnool', '2023-02-04', '3A', 690, 60, 0),
(4, 'Bengaluru', 'Kurnool', '2023-02-13', '1A', 4400, 60, 0),
(4, 'Bengaluru', 'Kurnool', '2023-02-13', '2A', 4000, 100, 0),
(4, 'Bengaluru', 'Kurnool', '2023-02-13', '2S', 280, 450, 0),
(4, 'Bengaluru', 'Kurnool', '2023-02-13', '3A', 2800, 150, 0),
(4, 'Bengaluru', 'Kurnool', '2023-02-13', 'SL', 800, 450, 0),
(4, 'Doddaballapura', 'Anantapur', '2023-01-30', '1A', 2400, 60, 0),
(4, 'Doddaballapura', 'Anantapur', '2023-01-30', '2A', 2000, 95, 5),
(4, 'Doddaballapura', 'Anantapur', '2023-01-30', '2S', 140, 450, 0),
(4, 'Doddaballapura', 'Anantapur', '2023-01-30', '3A', 1400, 150, 0),
(4, 'Doddaballapura', 'Anantapur', '2023-01-30', 'SL', 400, 440, 10),
(4, 'Doddaballapura', 'Anantapur', '2023-02-04', '1A', 500, 30, 0),
(4, 'Doddaballapura', 'Anantapur', '2023-02-04', '2A', 550, 30, 0),
(4, 'Doddaballapura', 'Anantapur', '2023-02-04', '3A', 960, 50, 0),
(4, 'Doddaballapura', 'Anantapur', '2023-02-05', '1A', 850, 30, 0),
(4, 'Doddaballapura', 'Anantapur', '2023-02-05', '2A', 560, 30, 0),
(4, 'Doddaballapura', 'Anantapur', '2023-02-05', '3A', 450, 60, 0),
(4, 'Doddaballapura', 'Anantapur', '2023-02-14', '1A', 2400, 60, 0),
(4, 'Doddaballapura', 'Anantapur', '2023-02-14', '2A', 2000, 100, 0),
(4, 'Doddaballapura', 'Anantapur', '2023-02-14', '2S', 140, 450, 0),
(4, 'Doddaballapura', 'Anantapur', '2023-02-14', '3A', 1400, 150, 0),
(4, 'Doddaballapura', 'Anantapur', '2023-02-14', 'SL', 400, 450, 0),
(4, 'Doddaballapura', 'Hindupur', '2023-01-30', '1A', 1200, 60, 0),
(4, 'Doddaballapura', 'Hindupur', '2023-01-30', '2A', 1000, 100, 0),
(4, 'Doddaballapura', 'Hindupur', '2023-01-30', '2S', 70, 450, 0),
(4, 'Doddaballapura', 'Hindupur', '2023-01-30', '3A', 700, 150, 0),
(4, 'Doddaballapura', 'Hindupur', '2023-01-30', 'SL', 200, 450, 0),
(4, 'Doddaballapura', 'Hindupur', '2023-02-04', '1A', 900, 30, 0),
(4, 'Doddaballapura', 'Hindupur', '2023-02-04', '2A', 2700, 30, 0),
(4, 'Doddaballapura', 'Hindupur', '2023-02-04', '3A', 450, 50, 0),
(4, 'Doddaballapura', 'Hindupur', '2023-02-05', '1A', 850, 30, 0),
(4, 'Doddaballapura', 'Hindupur', '2023-02-05', '2A', 450, 30, 0),
(4, 'Doddaballapura', 'Hindupur', '2023-02-05', '3A', 850, 60, 0),
(4, 'Doddaballapura', 'Hindupur', '2023-02-14', '1A', 1200, 60, 0),
(4, 'Doddaballapura', 'Hindupur', '2023-02-14', '2A', 1000, 100, 0),
(4, 'Doddaballapura', 'Hindupur', '2023-02-14', '2S', 70, 450, 0),
(4, 'Doddaballapura', 'Hindupur', '2023-02-14', '3A', 700, 150, 0),
(4, 'Doddaballapura', 'Hindupur', '2023-02-14', 'SL', 200, 450, 0),
(4, 'Doddaballapura', 'Hyderabad', '2023-01-30', '1A', 4800, 60, 0),
(4, 'Doddaballapura', 'Hyderabad', '2023-01-30', '2A', 4000, 95, 5),
(4, 'Doddaballapura', 'Hyderabad', '2023-01-30', '2S', 280, 450, 0),
(4, 'Doddaballapura', 'Hyderabad', '2023-01-30', '3A', 2800, 150, 0),
(4, 'Doddaballapura', 'Hyderabad', '2023-01-30', 'SL', 800, 440, 10),
(4, 'Doddaballapura', 'Hyderabad', '2023-02-04', '1A', 200, 30, 0),
(4, 'Doddaballapura', 'Hyderabad', '2023-02-04', '2A', 500, 30, 0),
(4, 'Doddaballapura', 'Hyderabad', '2023-02-04', '3A', 520, 50, 0),
(4, 'Doddaballapura', 'Hyderabad', '2023-02-05', '1A', 450, 30, 0),
(4, 'Doddaballapura', 'Hyderabad', '2023-02-05', '2A', 560, 30, 0),
(4, 'Doddaballapura', 'Hyderabad', '2023-02-05', '3A', 580, 60, 0),
(4, 'Doddaballapura', 'Hyderabad', '2023-02-14', '1A', 4800, 60, 0),
(4, 'Doddaballapura', 'Hyderabad', '2023-02-14', '2A', 4000, 100, 0),
(4, 'Doddaballapura', 'Hyderabad', '2023-02-14', '2S', 280, 450, 0),
(4, 'Doddaballapura', 'Hyderabad', '2023-02-14', '3A', 2800, 150, 0),
(4, 'Doddaballapura', 'Hyderabad', '2023-02-14', 'SL', 800, 450, 0),
(4, 'Doddaballapura', 'Kurnool', '2023-01-30', '1A', 3600, 60, 0),
(4, 'Doddaballapura', 'Kurnool', '2023-01-30', '2A', 3000, 95, 5),
(4, 'Doddaballapura', 'Kurnool', '2023-01-30', '2S', 210, 450, 0),
(4, 'Doddaballapura', 'Kurnool', '2023-01-30', '3A', 2100, 150, 0),
(4, 'Doddaballapura', 'Kurnool', '2023-01-30', 'SL', 600, 440, 10),
(4, 'Doddaballapura', 'Kurnool', '2023-02-04', '1A', 650, 30, 0),
(4, 'Doddaballapura', 'Kurnool', '2023-02-04', '2A', 800, 30, 0),
(4, 'Doddaballapura', 'Kurnool', '2023-02-04', '3A', 140, 50, 0),
(4, 'Doddaballapura', 'Kurnool', '2023-02-05', '1A', 850, 30, 0),
(4, 'Doddaballapura', 'Kurnool', '2023-02-05', '2A', 560, 30, 0),
(4, 'Doddaballapura', 'Kurnool', '2023-02-05', '3A', 550, 60, 0),
(4, 'Doddaballapura', 'Kurnool', '2023-02-14', '1A', 3600, 60, 0),
(4, 'Doddaballapura', 'Kurnool', '2023-02-14', '2A', 3000, 100, 0),
(4, 'Doddaballapura', 'Kurnool', '2023-02-14', '2S', 210, 450, 0),
(4, 'Doddaballapura', 'Kurnool', '2023-02-14', '3A', 2100, 150, 0),
(4, 'Doddaballapura', 'Kurnool', '2023-02-14', 'SL', 600, 450, 0),
(4, 'Hindupur', 'Anantapur', '2023-01-30', '1A', 1200, 60, 0),
(4, 'Hindupur', 'Anantapur', '2023-01-30', '2A', 1000, 95, 5),
(4, 'Hindupur', 'Anantapur', '2023-01-30', '2S', 70, 450, 0),
(4, 'Hindupur', 'Anantapur', '2023-01-30', '3A', 700, 150, 0),
(4, 'Hindupur', 'Anantapur', '2023-01-30', 'SL', 200, 440, 10),
(4, 'Hindupur', 'Anantapur', '2023-02-04', '1A', 850, 30, 0),
(4, 'Hindupur', 'Anantapur', '2023-02-04', '2A', 650, 30, 0),
(4, 'Hindupur', 'Anantapur', '2023-02-04', '3A', 470, 50, 0),
(4, 'Hindupur', 'Anantapur', '2023-02-05', '1A', 850, 30, 0),
(4, 'Hindupur', 'Anantapur', '2023-02-05', '2A', 960, 30, 0),
(4, 'Hindupur', 'Anantapur', '2023-02-05', '3A', 520, 60, 0),
(4, 'Hindupur', 'Anantapur', '2023-02-14', '1A', 1200, 60, 0),
(4, 'Hindupur', 'Anantapur', '2023-02-14', '2A', 1000, 100, 0),
(4, 'Hindupur', 'Anantapur', '2023-02-14', '2S', 70, 450, 0),
(4, 'Hindupur', 'Anantapur', '2023-02-14', '3A', 700, 150, 0),
(4, 'Hindupur', 'Anantapur', '2023-02-14', 'SL', 200, 450, 0),
(4, 'Hindupur', 'Hyderabad', '2023-01-30', '1A', 3600, 60, 0),
(4, 'Hindupur', 'Hyderabad', '2023-01-30', '2A', 3000, 95, 5),
(4, 'Hindupur', 'Hyderabad', '2023-01-30', '2S', 210, 450, 0),
(4, 'Hindupur', 'Hyderabad', '2023-01-30', '3A', 2100, 150, 0),
(4, 'Hindupur', 'Hyderabad', '2023-01-30', 'SL', 600, 440, 10),
(4, 'Hindupur', 'Hyderabad', '2023-02-04', '1A', 850, 30, 0),
(4, 'Hindupur', 'Hyderabad', '2023-02-04', '2A', 450, 30, 0),
(4, 'Hindupur', 'Hyderabad', '2023-02-04', '3A', 85, 50, 0),
(4, 'Hindupur', 'Hyderabad', '2023-02-05', '1A', 960, 30, 0),
(4, 'Hindupur', 'Hyderabad', '2023-02-05', '2A', 850, 30, 0),
(4, 'Hindupur', 'Hyderabad', '2023-02-05', '3A', 850, 60, 0),
(4, 'Hindupur', 'Hyderabad', '2023-02-14', '1A', 3600, 60, 0),
(4, 'Hindupur', 'Hyderabad', '2023-02-14', '2A', 3000, 100, 0),
(4, 'Hindupur', 'Hyderabad', '2023-02-14', '2S', 210, 450, 0),
(4, 'Hindupur', 'Hyderabad', '2023-02-14', '3A', 2100, 150, 0),
(4, 'Hindupur', 'Hyderabad', '2023-02-14', 'SL', 600, 450, 0),
(4, 'Hindupur', 'Kurnool', '2023-01-30', '1A', 2400, 60, 0),
(4, 'Hindupur', 'Kurnool', '2023-01-30', '2A', 2000, 95, 5),
(4, 'Hindupur', 'Kurnool', '2023-01-30', '2S', 140, 450, 0),
(4, 'Hindupur', 'Kurnool', '2023-01-30', '3A', 1400, 150, 0),
(4, 'Hindupur', 'Kurnool', '2023-01-30', 'SL', 400, 440, 10),
(4, 'Hindupur', 'Kurnool', '2023-02-04', '1A', 654, 30, 0),
(4, 'Hindupur', 'Kurnool', '2023-02-04', '2A', 440, 30, 0),
(4, 'Hindupur', 'Kurnool', '2023-02-04', '3A', 780, 50, 0),
(4, 'Hindupur', 'Kurnool', '2023-02-05', '1A', 580, 30, 0),
(4, 'Hindupur', 'Kurnool', '2023-02-05', '2A', 850, 30, 0),
(4, 'Hindupur', 'Kurnool', '2023-02-05', '3A', 80, 60, 0),
(4, 'Hindupur', 'Kurnool', '2023-02-14', '1A', 2400, 60, 0),
(4, 'Hindupur', 'Kurnool', '2023-02-14', '2A', 2000, 100, 0),
(4, 'Hindupur', 'Kurnool', '2023-02-14', '2S', 140, 450, 0),
(4, 'Hindupur', 'Kurnool', '2023-02-14', '3A', 1400, 150, 0),
(4, 'Hindupur', 'Kurnool', '2023-02-14', 'SL', 400, 450, 0),
(4, 'Kurnool', 'Hyderabad', '2023-01-30', '1A', 1200, 60, 0),
(4, 'Kurnool', 'Hyderabad', '2023-01-30', '2A', 1000, 100, 0),
(4, 'Kurnool', 'Hyderabad', '2023-01-30', '2S', 70, 450, 0),
(4, 'Kurnool', 'Hyderabad', '2023-01-30', '3A', 700, 150, 0),
(4, 'Kurnool', 'Hyderabad', '2023-01-30', 'SL', 200, 444, 6),
(4, 'Kurnool', 'Hyderabad', '2023-02-04', '1A', 450, 30, 0),
(4, 'Kurnool', 'Hyderabad', '2023-02-04', '2A', 540, 30, 0),
(4, 'Kurnool', 'Hyderabad', '2023-02-04', '3A', 800, 50, 0),
(4, 'Kurnool', 'Hyderabad', '2023-02-05', '1A', 780, 30, 0),
(4, 'Kurnool', 'Hyderabad', '2023-02-05', '2A', 780, 30, 0),
(4, 'Kurnool', 'Hyderabad', '2023-02-05', '3A', 580, 60, 0),
(4, 'Kurnool', 'Hyderabad', '2023-02-14', '1A', 1200, 60, 0),
(4, 'Kurnool', 'Hyderabad', '2023-02-14', '2A', 1000, 100, 0),
(4, 'Kurnool', 'Hyderabad', '2023-02-14', '2S', 70, 450, 0),
(4, 'Kurnool', 'Hyderabad', '2023-02-14', '3A', 700, 150, 0),
(4, 'Kurnool', 'Hyderabad', '2023-02-14', 'SL', 200, 450, 0),
(5, 'Bengaluru', 'Birur', '2023-01-30', '2S', 180, 710, 10),
(5, 'Bengaluru', 'Birur', '2023-01-30', 'CC', 500, 237, 9),
(5, 'Bengaluru', 'Birur', '2023-02-03', '2S', 160, 720, 0),
(5, 'Bengaluru', 'Birur', '2023-02-03', 'CC', 580, 360, 0),
(5, 'Bengaluru', 'Birur', '2023-02-04', '2S', 150, 720, 0),
(5, 'Bengaluru', 'Birur', '2023-02-04', 'CC', 580, 360, 0),
(5, 'Bengaluru', 'Birur', '2023-02-13', '2S', 160, 720, 0),
(5, 'Bengaluru', 'Birur', '2023-02-13', 'CC', 480, 240, 0),
(5, 'Bengaluru', 'Shivamogga', '2023-01-30', '2S', 250, 710, 10),
(5, 'Bengaluru', 'Shivamogga', '2023-01-30', 'CC', 900, 2397, 9),
(5, 'Bengaluru', 'Shivamogga', '2023-02-03', '2S', 220, 720, 0),
(5, 'Bengaluru', 'Shivamogga', '2023-02-03', 'CC', 850, 360, 0),
(5, 'Bengaluru', 'Shivamogga', '2023-02-04', '2S', 220, 720, 0),
(5, 'Bengaluru', 'Shivamogga', '2023-02-04', 'CC', 850, 360, 0),
(5, 'Bengaluru', 'Shivamogga', '2023-02-13', '2S', 220, 720, 0),
(5, 'Bengaluru', 'Shivamogga', '2023-02-13', 'CC', 600, 240, 0),
(5, 'Bengaluru', 'Tumkur', '2023-01-30', '2S', 90, 710, 10),
(5, 'Bengaluru', 'Tumkur', '2023-01-30', 'CC', 300, 237, 9),
(5, 'Bengaluru', 'Tumkur', '2023-02-03', '2S', 80, 720, 0),
(5, 'Bengaluru', 'Tumkur', '2023-02-03', 'CC', 300, 360, 0),
(5, 'Bengaluru', 'Tumkur', '2023-02-04', '2S', 80, 720, 0),
(5, 'Bengaluru', 'Tumkur', '2023-02-04', 'CC', 300, 360, 0),
(5, 'Bengaluru', 'Tumkur', '2023-02-13', '2S', 90, 720, 0),
(5, 'Bengaluru', 'Tumkur', '2023-02-13', 'CC', 270, 240, 0),
(5, 'Birur', 'Shivamogga', '2023-01-30', '2S', 110, 716, 4),
(5, 'Birur', 'Shivamogga', '2023-01-30', 'CC', 300, 237, 3),
(5, 'Birur', 'Shivamogga', '2023-02-03', '2S', 100, 720, 0),
(5, 'Birur', 'Shivamogga', '2023-02-03', 'CC', 340, 360, 0),
(5, 'Birur', 'Shivamogga', '2023-02-04', '2S', 110, 720, 0),
(5, 'Birur', 'Shivamogga', '2023-02-04', 'CC', 340, 360, 0),
(5, 'Birur', 'Shivamogga', '2023-02-13', '2S', 1100, 720, 0),
(5, 'Birur', 'Shivamogga', '2023-02-13', 'CC', 330, 240, 0),
(5, 'Tumkur', 'Birur', '2023-01-30', '2S', 100, 710, 10),
(5, 'Tumkur', 'Birur', '2023-01-30', 'CC', 300, 237, 9),
(5, 'Tumkur', 'Birur', '2023-02-03', '2S', 90, 720, 0),
(5, 'Tumkur', 'Birur', '2023-02-03', 'CC', 320, 360, 0),
(5, 'Tumkur', 'Birur', '2023-02-04', '2S', 90, 720, 0),
(5, 'Tumkur', 'Birur', '2023-02-04', 'CC', 320, 360, 0),
(5, 'Tumkur', 'Birur', '2023-02-13', '2S', 100, 720, 0),
(5, 'Tumkur', 'Birur', '2023-02-13', 'CC', 300, 240, 0),
(5, 'Tumkur', 'Shivamogga', '2023-01-30', '2S', 220, 710, 10),
(5, 'Tumkur', 'Shivamogga', '2023-01-30', 'CC', 400, 237, 9),
(5, 'Tumkur', 'Shivamogga', '2023-02-03', '2S', 170, 720, 0),
(5, 'Tumkur', 'Shivamogga', '2023-02-03', 'CC', 600, 360, 0),
(5, 'Tumkur', 'Shivamogga', '2023-02-04', '2S', 170, 720, 0),
(5, 'Tumkur', 'Shivamogga', '2023-02-04', 'CC', 560, 360, 0),
(5, 'Tumkur', 'Shivamogga', '2023-02-13', '2S', 150, 720, 0),
(5, 'Tumkur', 'Shivamogga', '2023-02-13', 'CC', 450, 240, 0),
(6, 'Bengaluru', 'Davangere', '2023-01-29', '2S', 170, 840, 0),
(6, 'Bengaluru', 'Davangere', '2023-01-29', 'CC', 460, 240, 0),
(6, 'Bengaluru', 'Davangere', '2023-02-03', '2S', 150, 720, 0),
(6, 'Bengaluru', 'Davangere', '2023-02-03', 'CC', 600, 360, 0),
(6, 'Bengaluru', 'Davangere', '2023-02-04', '2S', 160, 720, 0),
(6, 'Bengaluru', 'Davangere', '2023-02-04', 'CC', 600, 360, 0),
(6, 'Bengaluru', 'Davangere', '2023-02-13', '2S', 150, 720, 0),
(6, 'Bengaluru', 'Davangere', '2023-02-13', 'CC', 380, 240, 0),
(6, 'Bengaluru', 'Hubbali', '2023-01-29', '2S', 250, 840, 0),
(6, 'Bengaluru', 'Hubbali', '2023-01-29', 'CC', 570, 240, 0),
(6, 'Bengaluru', 'Hubbali', '2023-02-03', '2S', 220, 720, 0),
(6, 'Bengaluru', 'Hubbali', '2023-02-03', 'CC', 900, 360, 0),
(6, 'Bengaluru', 'Hubbali', '2023-02-04', '2S', 220, 720, 0),
(6, 'Bengaluru', 'Hubbali', '2023-02-04', 'CC', 900, 360, 0),
(6, 'Bengaluru', 'Hubbali', '2023-02-13', '2S', 220, 720, 0),
(6, 'Bengaluru', 'Hubbali', '2023-02-13', 'CC', 550, 240, 0),
(6, 'Bengaluru', 'Tumkur', '2023-01-29', '2S', 90, 840, 0),
(6, 'Bengaluru', 'Tumkur', '2023-01-29', 'CC', 230, 240, 0),
(6, 'Bengaluru', 'Tumkur', '2023-02-03', '2S', 80, 720, 0),
(6, 'Bengaluru', 'Tumkur', '2023-02-03', 'CC', 300, 360, 0),
(6, 'Bengaluru', 'Tumkur', '2023-02-04', '2S', 80, 720, 0),
(6, 'Bengaluru', 'Tumkur', '2023-02-04', 'CC', 300, 360, 0),
(6, 'Bengaluru', 'Tumkur', '2023-02-13', '2S', 80, 720, 0),
(6, 'Bengaluru', 'Tumkur', '2023-02-13', 'CC', 200, 240, 0),
(6, 'Davangere', 'Hubbali', '2023-01-29', '2S', 110, 840, 0),
(6, 'Davangere', 'Hubbali', '2023-01-29', 'CC', 240, 240, 0),
(6, 'Davangere', 'Hubbali', '2023-02-03', '2S', 100, 720, 0),
(6, 'Davangere', 'Hubbali', '2023-02-03', 'CC', 900, 360, 0),
(6, 'Davangere', 'Hubbali', '2023-02-04', '2S', 100, 720, 0),
(6, 'Davangere', 'Hubbali', '2023-02-04', 'CC', 300, 360, 0),
(6, 'Davangere', 'Hubbali', '2023-02-13', '2S', 120, 720, 0);
INSERT INTO `tatkal_seats` (`train_number`, `start_point`, `destination_point`, `journey_date`, `class_name`, `ticket_fare1`, `available_seats`, `booked_seats`) VALUES
(6, 'Davangere', 'Hubbali', '2023-02-13', 'CC', 230, 240, 0),
(6, 'Tumkur', 'Davangere', '2023-01-29', '2S', 100, 840, 0),
(6, 'Tumkur', 'Davangere', '2023-01-29', 'CC', 230, 240, 0),
(6, 'Tumkur', 'Davangere', '2023-02-03', '2S', 90, 720, 0),
(6, 'Tumkur', 'Davangere', '2023-02-03', 'CC', 300, 360, 0),
(6, 'Tumkur', 'Davangere', '2023-02-04', '2S', 90, 720, 0),
(6, 'Tumkur', 'Davangere', '2023-02-04', 'CC', 300, 360, 0),
(6, 'Tumkur', 'Davangere', '2023-02-13', '2S', 100, 720, 0),
(6, 'Tumkur', 'Davangere', '2023-02-13', 'CC', 210, 240, 0),
(6, 'Tumkur', 'Hubbali', '2023-01-29', '2S', 210, 840, 0),
(6, 'Tumkur', 'Hubbali', '2023-01-29', 'CC', 440, 240, 0),
(6, 'Tumkur', 'Hubbali', '2023-02-03', '2S', 170, 720, 0),
(6, 'Tumkur', 'Hubbali', '2023-02-03', 'CC', 600, 360, 0),
(6, 'Tumkur', 'Hubbali', '2023-02-04', '2S', 170, 720, 0),
(6, 'Tumkur', 'Hubbali', '2023-02-04', 'CC', 600, 360, 0),
(6, 'Tumkur', 'Hubbali', '2023-02-13', '2S', 190, 720, 0),
(6, 'Tumkur', 'Hubbali', '2023-02-13', 'CC', 400, 240, 0),
(7, 'Vijaywada', 'Bengaluru', '2023-01-29', '2S', 110, 720, 0),
(7, 'Vijaywada', 'Bengaluru', '2023-01-29', 'CC', 210, 240, 0),
(7, 'Vijaywada', 'Bengaluru', '2023-02-03', '2S', 100, 720, 0),
(7, 'Vijaywada', 'Bengaluru', '2023-02-03', 'CC', 340, 360, 0);

--
-- Triggers `tatkal_seats`
--
DELIMITER $$
CREATE TRIGGER `add_tatkal_seats` BEFORE INSERT ON `tatkal_seats` FOR EACH ROW begin
        if datediff(new.journey_date,curdate())<0 then
            SIGNAL SQLSTATE '45000' 
            SET MESSAGE_TEXT = 'Booking Date can not be earlier than current date';
        end if;
        if new.available_seats<=0 then 
            SIGNAL SQLSTATE '45000'
            SET MESSAGE_TEXT = 'Number Of Seats you are looking for are not available at momemnt';
        end if;
        if new.ticket_fare1<=0 then 
            SIGNAL SQLSTATE '45000'
            SET MESSAGE_TEXT = 'Ticket Fare can not be less than or equal to zero';
        end if;
        
    end
$$
DELIMITER ;
DELIMITER $$
CREATE TRIGGER `update_tatkal_seats` BEFORE UPDATE ON `tatkal_seats` FOR EACH ROW begin
            if datediff(curdate(),new.journey_date)>0 then
                SIGNAL SQLSTATE '45000'
                SET MESSAGE_TEXT = 'Booking Date can not be earlier than current date';
            end if;
            if new.ticket_fare1<=0 then 
                SIGNAL SQLSTATE '45000'
                SET MESSAGE_TEXT = 'Ticket Fare can not be less than or equal to zero';
            end if;
            if new.available_seats<=0 then 
                SIGNAL SQLSTATE '45000'
                SET MESSAGE_TEXT = 'Number Of Seats you are looking for are not available at momemnt';
            end if;
        end
$$
DELIMITER ;

-- --------------------------------------------------------

--
-- Table structure for table `ticket_class`
--

CREATE TABLE `ticket_class` (
  `class_name` varchar(10) NOT NULL
) ENGINE=InnoDB DEFAULT CHARSET=latin1;

--
-- Dumping data for table `ticket_class`
--

INSERT INTO `ticket_class` (`class_name`) VALUES
('1A'),
('2A'),
('2S'),
('3A'),
('CC'),
('SL');

-- --------------------------------------------------------

--
-- Table structure for table `train_details`
--

CREATE TABLE `train_details` (
  `train_number` int(11) NOT NULL,
  `train_name` varchar(50) NOT NULL,
  `start_point` varchar(50) NOT NULL,
  `arrival_time` time NOT NULL COMMENT 'Arrival_Time',
  `destination_point` varchar(50) NOT NULL,
  `destination_time` time NOT NULL,
  `arrival_day` varchar(10) DEFAULT NULL COMMENT ' Arrival_Day',
  `distance` int(11) NOT NULL
) ENGINE=InnoDB DEFAULT CHARSET=latin1;

--
-- Dumping data for table `train_details`
--

INSERT INTO `train_details` (`train_number`, `train_name`, `start_point`, `arrival_time`, `destination_point`, `destination_time`, `arrival_day`, `distance`) VALUES
(1, 'Mangaluru Express', 'Bengaluru', '20:15:00', 'Mangaluru', '09:05:00', 'Day 2', 516),
(2, 'Duronto Express', 'Bengaluru', '11:20:00', 'Kolkata', '16:50:00', 'Day 2', 1946),
(3, 'Udyan Express', 'Bengaluru', '20:40:00', 'Mumbai', '20:15:00', 'Day 2', 1153),
(4, 'Kacheguda Express', 'Bengaluru', '18:20:00', 'Kacheguda', '05:40:00', 'Day 2', 763),
(5, 'Kuvempu Express', 'Bengaluru', '15:00:00', 'Shivamogga', '19:40:00', 'Day 1', 274),
(6, 'Janshatabdi Express', 'Bengaluru', '06:00:00', 'Hubballi', '13:00:00', 'Day 1', 470),
(7, 'Duronto Express', 'Kolkata', '10:50:00', 'Bengaluru', '15:50:00', 'Day 2', 1931),
(8, 'Double Deccar Express', 'Bengaluru', '14:30:00', 'Chennai', '20:25:00', 'Day 1', 362),
(9, 'Karnataka Express', 'New Delhi', '20:20:00', 'Bengaluru', '12:00:00', 'Day 3', 2406),
(10, 'Karnataka Express', 'Bengaluru', '19:20:00', 'New Delhi', '09:00:00', 'Day 3', 2395),
(11, 'Vascodagama Express', 'Bengaluru', '15:00:00', 'Goa', '05:00:00', 'Day 2', 700);

--
-- Triggers `train_details`
--
DELIMITER $$
CREATE TRIGGER `add_train` BEFORE INSERT ON `train_details` FOR EACH ROW begin
            if (new.destination_time<new.arrival_time AND new.arrival_day='Day 1') then
                SIGNAL SQLSTATE '45000'
                SET MESSAGE_TEXT = 'Improper Timings';
            end if;
            if (new.destination_point=new.start_point) then
                SIGNAL SQLSTATE '45000'
                SET MESSAGE_TEXT = 'Same Starting & Destination Points not allowed';
            end if;
        end
$$
DELIMITER ;
DELIMITER $$
CREATE TRIGGER `update_train` BEFORE UPDATE ON `train_details` FOR EACH ROW begin
          if (new.destination_time<new.arrival_time AND new.arrival_day='Day 1') then
              SIGNAL SQLSTATE '45000'
              SET MESSAGE_TEXT = 'Improper Timings';
          end if;
          end
$$
DELIMITER ;

-- --------------------------------------------------------

--
-- Table structure for table `train_schedule`
--

CREATE TABLE `train_schedule` (
  `schedule_id` int(11) NOT NULL,
  `train_number` int(11) NOT NULL,
  `station_name` varchar(50) NOT NULL,
  `arrival_time` time NOT NULL,
  `departure_time` time NOT NULL DEFAULT '00:00:00',
  `distance` int(11) NOT NULL
) ENGINE=InnoDB DEFAULT CHARSET=latin1;

--
-- Dumping data for table `train_schedule`
--

INSERT INTO `train_schedule` (`schedule_id`, `train_number`, `station_name`, `arrival_time`, `departure_time`, `distance`) VALUES
(1, 1, 'Bengaluru', '20:15:00', '20:15:00', 0),
(2, 1, 'Mysuru', '23:20:00', '23:40:00', 151),
(3, 1, 'Hassan', '01:55:00', '02:05:00', 272),
(4, 1, 'Mangaluru', '09:05:00', '09:00:00', 516),
(5, 2, 'Bengaluru', '11:20:00', '11:20:00', 0),
(6, 2, 'Vijaywada', '22:10:00', '22:20:00', 728),
(7, 2, 'Bhubaneshwar', '09:45:00', '09:55:00', 1507),
(8, 2, 'Kolkata', '16:50:00', '16:50:00', 1946),
(9, 3, 'Bengaluru', '20:40:00', '20:40:00', 0),
(10, 3, 'Hindupur', '22:33:00', '22:35:00', 111),
(11, 3, 'Raichur', '04:43:00', '04:45:00', 441),
(12, 3, 'Solapur', '10:55:00', '11:00:00', 698),
(13, 3, 'Pune', '16:00:00', '16:05:00', 962),
(14, 3, 'Mumbai', '20:15:00', '20:15:00', 1153),
(15, 4, 'Bengaluru', '18:20:00', '18:20:00', 0),
(16, 4, 'Doddaballapura', '19:19:00', '19:20:00', 47),
(17, 4, 'Hindupur', '20:22:00', '20:23:00', 109),
(18, 4, 'Anantapur', '22:19:00', '22:20:00', 221),
(19, 4, 'Kurnool', '01:13:00', '01:15:00', 387),
(20, 4, 'Hyderabad', '05:40:00', '05:40:00', 640),
(21, 5, 'Bengaluru', '15:00:00', '15:00:00', 0),
(22, 5, 'Tumkur', '16:00:00', '16:02:00', 70),
(23, 5, 'Birur', '18:13:00', '18:15:00', 211),
(24, 5, 'Shivamogga', '19:40:00', '19:40:00', 274),
(25, 6, 'Bengaluru', '06:00:00', '06:00:00', 0),
(26, 6, 'Tumkur', '07:00:00', '07:02:00', 70),
(27, 6, 'Davangere', '10:10:00', '10:12:00', 326),
(28, 6, 'Hubbali', '13:00:00', '13:00:00', 470),
(29, 7, 'Kolkata', '10:50:00', '10:50:00', 0),
(30, 7, 'Bhubaneshwar', '16:20:00', '16:30:00', 440),
(31, 7, 'Vijaywada', '04:05:00', '04:15:00', 1218),
(32, 7, 'Bengaluru', '15:50:00', '15:50:00', 1931),
(33, 8, 'Bengaluru', '14:30:00', '14:30:00', 0),
(34, 8, 'Bangarpet', '15:40:00', '15:41:00', 71),
(35, 8, 'Katpadi', '17:58:00', '18:00:00', 232),
(36, 8, 'Chennai', '20:25:00', '20:25:00', 362),
(37, 9, 'New Delhi', '20:20:00', '20:20:00', 0),
(38, 9, 'Agra', '22:48:00', '22:50:00', 195),
(39, 9, 'Bhopal', '06:25:00', '06:30:00', 701),
(40, 9, 'Daund', '19:55:00', '20:00:00', 1520),
(41, 9, 'Kalaburgi', '00:15:00', '00:18:00', 1821),
(42, 9, 'Anantapur', '06:38:00', '06:40:00', 2172),
(43, 9, 'Bengaluru', '12:00:00', '12:00:00', 2406),
(44, 10, 'Bengaluru', '19:20:00', '19:20:00', 0),
(45, 10, 'Anantapur', '23:28:00', '23:30:00', 235),
(46, 10, 'Kalaburgi', '05:37:00', '05:40:00', 567),
(47, 10, 'Daund', '10:00:00', '10:02:00', 868),
(48, 10, 'Bhopal', '23:30:00', '23:35:00', 1694),
(49, 10, 'Agra', '05:45:00', '05:47:00', 1890),
(50, 10, 'New Delhi', '09:00:00', '09:00:00', 2395),
(51, 11, 'Bengaluru', '15:00:00', '15:00:00', 0),
(52, 11, 'Tumkur', '15:38:00', '15:40:00', 70),
(53, 11, 'Davangere', '19:08:00', '19:10:00', 320),
(54, 11, 'Hubbali', '22:15:00', '22:25:00', 464),
(55, 11, 'Castle Rock', '00:50:00', '00:55:00', 579),
(56, 11, 'Goa', '05:00:00', '05:00:00', 700);

-- --------------------------------------------------------

--
-- Table structure for table `user_details`
--

CREATE TABLE `user_details` (
  `user_id` int(11) NOT NULL,
  `fname` varchar(50) NOT NULL COMMENT 'First_Name',
  `lname` varchar(50) NOT NULL COMMENT 'Last_Name',
  `emailid` varchar(50) NOT NULL,
  `password` varchar(50) NOT NULL,
  `mobile_number` varchar(10) NOT NULL,
  `gender` char(1) NOT NULL,
  `dob` date NOT NULL COMMENT 'Date Of Birth',
  `code` mediumint(50) NOT NULL,
  `status` text NOT NULL
) ENGINE=InnoDB DEFAULT CHARSET=latin1;

--
-- Dumping data for table `user_details`
--

INSERT INTO `user_details` (`user_id`, `fname`, `lname`, `emailid`, `password`, `mobile_number`, `gender`, `dob`, `code`, `status`) VALUES
(1, 'Mohan kumar', 'M', '1cg20cs058@cittumkur.org', 'mohan006', '6362473944', 'M', '2002-10-04', 0, 'verified'),
(2, 'Nayan kumar', 'SV', '1cg20cs060@cittumkur.org', 'nayan025', '7975278503', 'M', '2002-07-20', 0, 'verified'),
(3, 'Nandana', 'VA', '1cg20cs059@cittumkur.org', 'nandan014', '9780968036', 'M', '2002-06-29', 0, 'verified'),
(4, 'abc', 'def', 'abcdef@gmail.com', '123456', '9876543210', 'M', '1997-12-29', 923023, 'verified');

--
-- Triggers `user_details`
--
DELIMITER $$
CREATE TRIGGER `add_user_details` BEFORE INSERT ON `user_details` FOR EACH ROW begin
        if (year(curdate())-year(new.dob))<18 then 
            SIGNAL SQLSTATE '45000'
            SET MESSAGE_TEXT = 'Minimum age bar of 18 years.';
            end if;
    end
$$
DELIMITER ;
DELIMITER $$
CREATE TRIGGER `before_update_on_user` BEFORE UPDATE ON `user_details` FOR EACH ROW begin
            if (year(curdate())-year(new.dob))<18 then 
                SIGNAL SQLSTATE '45000'
                SET MESSAGE_TEXT = 'Minimum age bar of 18 years.';
            end if;
            end
$$
DELIMITER ;

--
-- Indexes for dumped tables
--

--
-- Indexes for table `admin_details`
--
ALTER TABLE `admin_details`
  ADD PRIMARY KEY (`admin_id`),
  ADD UNIQUE KEY `unique_admin_username` (`username`);

--
-- Indexes for table `classseats`
--
ALTER TABLE `classseats`
  ADD PRIMARY KEY (`train_number`,`start_point`,`destination_point`,`journey_date`,`class_name`),
  ADD KEY `class_name` (`class_name`),
  ADD KEY `start_point` (`start_point`,`destination_point`),
  ADD KEY `destination_point` (`destination_point`);

--
-- Indexes for table `passenger_details`
--
ALTER TABLE `passenger_details`
  ADD KEY `passenger_details_pnr_number` (`pnr_number`);

--
-- Indexes for table `reservation`
--
ALTER TABLE `reservation`
  ADD PRIMARY KEY (`pnr_number`),
  ADD KEY `user_id_reservation` (`user_id`),
  ADD KEY `journey_date_train_number_class` (`train_number`,`journey_date`,`class_name`),
  ADD KEY `class_name` (`class_name`),
  ADD KEY `start_point` (`start_point`,`destination_point`),
  ADD KEY `destination_point` (`destination_point`);

--
-- Indexes for table `station_details`
--
ALTER TABLE `station_details`
  ADD PRIMARY KEY (`station_name`),
  ADD KEY `station_id` (`station_id`);

--
-- Indexes for table `tatkal_seats`
--
ALTER TABLE `tatkal_seats`
  ADD PRIMARY KEY (`train_number`,`start_point`,`destination_point`,`journey_date`,`class_name`),
  ADD KEY `class_name` (`class_name`),
  ADD KEY `start_point` (`start_point`,`destination_point`),
  ADD KEY `destination_point` (`destination_point`);

--
-- Indexes for table `ticket_class`
--
ALTER TABLE `ticket_class`
  ADD PRIMARY KEY (`class_name`) COMMENT 'Ticket_Class';

--
-- Indexes for table `train_details`
--
ALTER TABLE `train_details`
  ADD PRIMARY KEY (`train_number`),
  ADD KEY `start_point` (`start_point`),
  ADD KEY `destination_point` (`destination_point`);

--
-- Indexes for table `train_schedule`
--
ALTER TABLE `train_schedule`
  ADD PRIMARY KEY (`schedule_id`),
  ADD KEY `train_number` (`train_number`),
  ADD KEY `station_name` (`station_name`),
  ADD KEY `schedule_id` (`schedule_id`),
  ADD KEY `distance` (`distance`),
  ADD KEY `schedule_id2` (`schedule_id`);

--
-- Indexes for table `user_details`
--
ALTER TABLE `user_details`
  ADD PRIMARY KEY (`user_id`),
  ADD UNIQUE KEY `unique_user_mobile_number` (`mobile_number`),
  ADD UNIQUE KEY `unique_user_emailid` (`emailid`);

--
-- AUTO_INCREMENT for dumped tables
--

--
-- AUTO_INCREMENT for table `admin_details`
--
ALTER TABLE `admin_details`
  MODIFY `admin_id` int(11) NOT NULL AUTO_INCREMENT, AUTO_INCREMENT=4;

--
-- AUTO_INCREMENT for table `reservation`
--
ALTER TABLE `reservation`
  MODIFY `pnr_number` int(11) NOT NULL AUTO_INCREMENT, AUTO_INCREMENT=12;

--
-- AUTO_INCREMENT for table `train_details`
--
ALTER TABLE `train_details`
  MODIFY `train_number` int(11) NOT NULL AUTO_INCREMENT, AUTO_INCREMENT=12;

--
-- AUTO_INCREMENT for table `train_schedule`
--
ALTER TABLE `train_schedule`
  MODIFY `schedule_id` int(11) NOT NULL AUTO_INCREMENT, AUTO_INCREMENT=57;

--
-- AUTO_INCREMENT for table `user_details`
--
ALTER TABLE `user_details`
  MODIFY `user_id` int(11) NOT NULL AUTO_INCREMENT, AUTO_INCREMENT=5;
COMMIT;

/*!40101 SET CHARACTER_SET_CLIENT=@OLD_CHARACTER_SET_CLIENT */;
/*!40101 SET CHARACTER_SET_RESULTS=@OLD_CHARACTER_SET_RESULTS */;
/*!40101 SET COLLATION_CONNECTION=@OLD_COLLATION_CONNECTION */;
